Unnamed: 0,Student_ID,Gender,Major,Registered_Course,Enrollment_Year,Tuition_Fee_Income,Registered_Courses
1,S0002,Male,Business,Marketing,2024,188031,"['Accounting', 'Economics', 'Accounting', 'Management', 'Marketing']"
2,S0003,Male,Business,Management,2015,103134,"['Marketing', 'Economics', 'Marketing', 'Management', 'Economics']"
3,S0004,Female,Engineering,Mechanics,2024,188031,"['Circuits', 'Circuits', 'Thermodynamics', 'Mechanics', 'Thermodynamics']"
7,S0008,Male,Business,Management,2019,168237,"['Accounting', 'Marketing', 'Management', 'Management', 'Accounting']"
8,S0009,Male,Engineering,Mechanics,2022,178645,"['Circuits', 'Mechanics', 'Thermodynamics', 'Engineering Math', 'Mechanics']"
10,S0011,Male,Science,Biology,2023,186057,"['Physics', 'Earth Science', 'Earth Science', 'Biology', 'Biology']"
13,S0014,Female,Business,Marketing,2016,180392,"['Marketing', 'Accounting', 'Marketing', 'Management', 'Economics']"
15,S0016,Male,Business,Economics,2024,188031,"['Marketing', 'Accounting', 'Accounting', 'Management', 'Management']"
17,S0018,Male,Engineering,Circuits,2014,129258,"['Engineering Math', 'Mechanics', 'Engineering Math', 'Thermodynamics', 'Mechanics']"
18,S0019,Male,Engineering,Circuits,2022,178645,"['Circuits', 'Engineering Math', 'Thermodynamics', 'Circuits', 'Mechanics']"
19,S0020,Male,Business,Accounting,2023,186057,"['Management', 'Economics', 'Management', 'Marketing', 'Accounting']"
20,S0021,Female,Engineering,Thermodynamics,2017,171497,"['Thermodynamics', 'Thermodynamics', 'Circuits', 'Engineering Math', 'Mechanics']"
21,S0022,Female,Engineering,Mechanics,2020,100830,"['Circuits', 'Circuits', 'Thermodynamics', 'Mechanics', 'Engineering Math']"
23,S0024,Female,Engineering,Thermodynamics,2024,188031,"['Thermodynamics', 'Thermodynamics', 'Circuits', 'Mechanics', 'Circuits']"
24,S0025,Female,Science,Earth Science,2023,186057,"['Chemistry', 'Physics', 'Earth Science', 'Chemistry', 'Earth Science']"
27,S0028,Female,Science,Earth Science,2020,100830,"['Biology', 'Chemistry', 'Biology', 'Chemistry', 'Physics']"
28,S0029,Female,Science,Earth Science,2021,121479,"['Biology', 'Chemistry', 'Earth Science', 'Biology', 'Chemistry']"
31,S0032,Male,Business,Marketing,2014,129258,"['Management', 'Management', 'Accounting', 'Economics', 'Economics']"
32,S0033,Female,Science,Chemistry,2020,100830,"['Physics', 'Chemistry', 'Chemistry', 'Earth Science', 'Biology']"
34,S0035,Female,Business,Accounting,2023,186057,"['Marketing', 'Management', 'Accounting', 'Economics', 'Accounting']"
35,S0036,Female,Business,Economics,2017,171497,"['Accounting', 'Management', 'Accounting', 'Management', 'Marketing']"
37,S0038,Female,Business,Marketing,2023,186057,"['Marketing', 'Economics', 'Management', 'Economics', 'Accounting']"
38,S0039,Female,Engineering,Engineering Math,2021,121479,"['Circuits', 'Thermodynamics', 'Circuits', 'Thermodynamics', 'Engineering Math']"
39,S0040,Male,Science,Biology,2014,129258,"['Chemistry', 'Chemistry', 'Physics', 'Biology', 'Biology']"
41,S0042,Female,Engineering,Circuits,2014,129258,"['Circuits', 'Mechanics', 'Engineering Math', 'Thermodynamics', 'Engineering Math']"
43,S0044,Female,Science,Physics,2017,171497,"['Biology', 'Earth Science', 'Physics', 'Chemistry', 'Earth Science']"
45,S0046,Male,Engineering,Thermodynamics,2015,103134,"['Thermodynamics', 'Mechanics', 'Engineering Math', 'Mechanics', 'Engineering Math']"
46,S0047,Male,Engineering,Thermodynamics,2021,121479,"['Engineering Math', 'Mechanics', 'Circuits', 'Thermodynamics', 'Mechanics']"
53,S0054,Female,Science,Chemistry,2019,168237,"['Earth Science', 'Chemistry', 'Physics', 'Earth Science', 'Biology']"
54,S0055,Female,Engineering,Mechanics,2019,168237,"['Circuits', 'Circuits', 'Engineering Math', 'Thermodynamics', 'Engineering Math']"
56,S0057,Male,Business,Management,2015,103134,"['Economics', 'Management', 'Accounting', 'Marketing', 'Economics']"
58,S0059,Male,Science,Chemistry,2018,195204,"['Earth Science', 'Chemistry', 'Physics', 'Biology', 'Chemistry']"
59,S0060,Male,Engineering,Mechanics,2018,195204,"['Thermodynamics', 'Mechanics', 'Thermodynamics', 'Engineering Math', 'Mechanics']"
61,S0062,Female,Business,Marketing,2021,121479,"['Marketing', 'Management', 'Economics', 'Economics', 'Accounting']"
64,S0065,Male,Business,Accounting,2024,188031,"['Economics', 'Economics', 'Management', 'Marketing', 'Accounting']"
65,S0066,Female,Engineering,Thermodynamics,2023,186057,"['Mechanics', 'Mechanics', 'Thermodynamics', 'Circuits', 'Engineering Math']"
67,S0068,Female,Business,Marketing,2020,100830,"['Accounting', 'Marketing', 'Economics', 'Accounting', 'Management']"
68,S0069,Male,Business,Economics,2024,188031,"['Economics', 'Management', 'Marketing', 'Economics', 'Management']"
70,S0071,Female,Science,Biology,2022,178645,"['Biology', 'Chemistry', 'Physics', 'Earth Science', 'Biology']"
72,S0073,Male,Engineering,Thermodynamics,2014,129258,"['Engineering Math', 'Circuits', 'Thermodynamics', 'Mechanics', 'Thermodynamics']"
73,S0074,Female,Science,Chemistry,2022,178645,"['Chemistry', 'Physics', 'Chemistry', 'Biology', 'Earth Science']"
75,S0076,Male,Science,Biology,2018,195204,"['Chemistry', 'Physics', 'Earth Science', 'Physics', 'Earth Science']"
76,S0077,Male,Science,Physics,2024,188031,"['Biology', 'Physics', 'Earth Science', 'Physics', 'Earth Science']"
78,S0079,Male,Engineering,Thermodynamics,2017,171497,"['Mechanics', 'Thermodynamics', 'Mechanics', 'Engineering Math', 'Circuits']"
80,S0081,Male,Engineering,Thermodynamics,2018,195204,"['Circuits', 'Mechanics', 'Engineering Math', 'Thermodynamics', 'Engineering Math']"
82,S0083,Male,Business,Accounting,2017,171497,"['Economics', 'Management', 'Marketing', 'Accounting', 'Marketing']"
84,S0085,Female,Business,Management,2022,178645,"['Accounting', 'Management', 'Economics', 'Marketing', 'Management']"
85,S0086,Male,Engineering,Engineering Math,2023,186057,"['Thermodynamics', 'Mechanics', 'Mechanics', 'Engineering Math', 'Circuits']"
86,S0087,Female,Science,Biology,2022,178645,"['Physics', 'Biology', 'Earth Science', 'Earth Science', 'Physics']"
88,S0089,Male,Science,Earth Science,2016,180392,"['Earth Science', 'Physics', 'Biology', 'Chemistry', 'Biology']"
89,S0090,Female,Engineering,Circuits,2023,186057,"['Mechanics', 'Thermodynamics', 'Mechanics', 'Thermodynamics', 'Engineering Math']"
91,S0092,Male,Science,Biology,2024,188031,"['Chemistry', 'Chemistry', 'Biology', 'Earth Science', 'Biology']"
92,S0093,Male,Engineering,Circuits,2016,180392,"['Engineering Math', 'Circuits', 'Circuits', 'Engineering Math', 'Mechanics']"
94,S0095,Male,Business,Management,2021,121479,"['Management', 'Economics', 'Accounting', 'Accounting', 'Marketing']"
97,S0098,Male,Business,Marketing,2023,186057,"['Management', 'Economics', 'Accounting', 'Economics', 'Marketing']"
98,S0099,Male,Engineering,Circuits,2017,171497,"['Mechanics', 'Circuits', 'Engineering Math', 'Thermodynamics', 'Thermodynamics']"
99,S0100,Male,Business,Marketing,2024,188031,"['Economics', 'Marketing', 'Marketing', 'Management', 'Accounting']"
100,S0101,Male,Engineering,Circuits,2021,121479,"['Engineering Math', 'Circuits', 'Engineering Math', 'Thermodynamics', 'Thermodynamics']"
101,S0102,Male,Business,Economics,2017,171497,"['Marketing', 'Management', 'Economics', 'Accounting', 'Management']"
106,S0107,Male,Engineering,Thermodynamics,2014,129258,"['Engineering Math', 'Mechanics', 'Circuits', 'Mechanics', 'Circuits']"
107,S0108,Male,Science,Physics,2014,129258,"['Physics', 'Physics', 'Chemistry', 'Biology', 'Earth Science']"
108,S0109,Male,Science,Earth Science,2024,188031,"['Biology', 'Earth Science', 'Physics', 'Chemistry', 'Chemistry']"
109,S0110,Male,Business,Marketing,2021,121479,"['Accounting', 'Management', 'Economics', 'Marketing', 'Management']"
112,S0113,Male,Engineering,Circuits,2020,100830,"['Thermodynamics', 'Engineering Math', 'Thermodynamics', 'Mechanics', 'Circuits']"
113,S0114,Male,Business,Accounting,2019,168237,"['Economics', 'Management', 'Management', 'Accounting', 'Marketing']"
116,S0117,Male,Engineering,Mechanics,2021,121479,"['Circuits', 'Engineering Math', 'Engineering Math', 'Circuits', 'Thermodynamics']"
120,S0121,Male,Engineering,Thermodynamics,2023,186057,"['Mechanics', 'Circuits', 'Engineering Math', 'Thermodynamics', 'Mechanics']"
122,S0123,Female,Business,Management,2019,168237,"['Marketing', 'Accounting', 'Accounting', 'Management', 'Marketing']"
123,S0124,Female,Engineering,Mechanics,2020,100830,"['Circuits', 'Mechanics', 'Mechanics', 'Thermodynamics', 'Engineering Math']"
124,S0125,Male,Business,Marketing,2024,188031,"['Accounting', 'Marketing', 'Marketing', 'Accounting', 'Management']"
126,S0127,Female,Engineering,Mechanics,2019,168237,"['Thermodynamics', 'Thermodynamics', 'Circuits', 'Engineering Math', 'Mechanics']"
127,S0128,Male,Science,Biology,2016,180392,"['Physics', 'Chemistry', 'Chemistry', 'Earth Science', 'Biology']"
130,S0131,Male,Engineering,Engineering Math,2023,186057,"['Circuits', 'Thermodynamics', 'Engineering Math', 'Mechanics', 'Engineering Math']"
132,S0133,Female,Science,Biology,2015,103134,"['Biology', 'Biology', 'Chemistry', 'Physics', 'Earth Science']"
133,S0134,Female,Engineering,Thermodynamics,2014,129258,"['Thermodynamics', 'Engineering Math', 'Engineering Math', 'Circuits', 'Circuits']"
134,S0135,Male,Business,Marketing,2014,129258,"['Management', 'Accounting', 'Marketing', 'Accounting', 'Economics']"
137,S0138,Male,Business,Economics,2024,188031,"['Management', 'Economics', 'Management', 'Marketing', 'Accounting']"
138,S0139,Female,Engineering,Mechanics,2019,168237,"['Thermodynamics', 'Mechanics', 'Circuits', 'Thermodynamics', 'Circuits']"
139,S0140,Male,Engineering,Engineering Math,2021,121479,"['Circuits', 'Thermodynamics', 'Mechanics', 'Circuits', 'Thermodynamics']"
141,S0142,Male,Business,Economics,2014,129258,"['Management', 'Economics', 'Economics', 'Marketing', 'Management']"
143,S0144,Female,Business,Economics,2023,186057,"['Marketing', 'Management', 'Economics', 'Accounting', 'Accounting']"
144,S0145,Male,Engineering,Mechanics,2015,103134,"['Circuits', 'Mechanics', 'Engineering Math', 'Mechanics', 'Circuits']"
145,S0146,Female,Business,Accounting,2017,171497,"['Management', 'Economics', 'Accounting', 'Accounting', 'Marketing']"
146,S0147,Female,Business,Marketing,2022,178645,"['Management', 'Economics', 'Economics', 'Management', 'Accounting']"
149,S0150,Male,Science,Biology,2015,103134,"['Earth Science', 'Earth Science', 'Physics', 'Chemistry', 'Chemistry']"
150,S0151,Female,Engineering,Engineering Math,2016,180392,"['Mechanics', 'Thermodynamics', 'Engineering Math', 'Mechanics', 'Thermodynamics']"
151,S0152,Male,Science,Biology,2017,171497,"['Chemistry', 'Chemistry', 'Biology', 'Physics', 'Earth Science']"
152,S0153,Male,Science,Chemistry,2019,168237,"['Biology', 'Physics', 'Biology', 'Chemistry', 'Chemistry']"
154,S0155,Male,Science,Earth Science,2018,195204,"['Chemistry', 'Biology', 'Earth Science', 'Biology', 'Earth Science']"
155,S0156,Female,Engineering,Engineering Math,2023,186057,"['Engineering Math', 'Engineering Math', 'Thermodynamics', 'Thermodynamics', 'Circuits']"
156,S0157,Male,Engineering,Thermodynamics,2019,168237,"['Thermodynamics', 'Mechanics', 'Mechanics', 'Circuits', 'Engineering Math']"
157,S0158,Male,Engineering,Mechanics,2014,129258,"['Mechanics', 'Thermodynamics', 'Engineering Math', 'Engineering Math', 'Circuits']"
158,S0159,Male,Engineering,Circuits,2018,195204,"['Engineering Math', 'Thermodynamics', 'Engineering Math', 'Circuits', 'Circuits']"
162,S0163,Female,Engineering,Mechanics,2016,180392,"['Mechanics', 'Engineering Math', 'Circuits', 'Mechanics', 'Thermodynamics']"
163,S0164,Male,Business,Management,2024,188031,"['Marketing', 'Economics', 'Accounting', 'Economics', 'Management']"
164,S0165,Female,Business,Economics,2023,186057,"['Marketing', 'Marketing', 'Economics', 'Management', 'Management']"
166,S0167,Female,Science,Physics,2014,129258,"['Biology', 'Earth Science', 'Physics', 'Chemistry', 'Biology']"
167,S0168,Female,Science,Physics,2024,188031,"['Earth Science', 'Physics', 'Biology', 'Earth Science', 'Chemistry']"
171,S0172,Female,Science,Earth Science,2016,180392,"['Chemistry', 'Earth Science', 'Earth Science', 'Physics', 'Biology']"
172,S0173,Female,Science,Earth Science,2014,129258,"['Earth Science', 'Physics', 'Biology', 'Biology', 'Earth Science']"
174,S0175,Male,Business,Marketing,2014,129258,"['Economics', 'Marketing', 'Management', 'Accounting', 'Accounting']"
175,S0176,Male,Engineering,Thermodynamics,2016,180392,"['Thermodynamics', 'Engineering Math', 'Engineering Math', 'Circuits', 'Mechanics']"
176,S0177,Female,Engineering,Circuits,2022,178645,"['Thermodynamics', 'Engineering Math', 'Circuits', 'Circuits', 'Mechanics']"
178,S0179,Male,Engineering,Engineering Math,2015,103134,"['Mechanics', 'Circuits', 'Engineering Math', 'Circuits', 'Engineering Math']"
182,S0183,Male,Engineering,Mechanics,2017,171497,"['Thermodynamics', 'Engineering Math', 'Circuits', 'Engineering Math', 'Mechanics']"
183,S0184,Male,Science,Biology,2017,171497,"['Biology', 'Chemistry', 'Physics', 'Earth Science', 'Physics']"
185,S0186,Male,Science,Physics,2023,186057,"['Physics', 'Earth Science', 'Biology', 'Earth Science', 'Chemistry']"
187,S0188,Male,Business,Marketing,2019,168237,"['Marketing', 'Management', 'Management', 'Accounting', 'Economics']"
188,S0189,Female,Business,Management,2018,195204,"['Economics', 'Marketing', 'Management', 'Management', 'Marketing']"
190,S0191,Male,Business,Management,2023,186057,"['Accounting', 'Accounting', 'Marketing', 'Economics', 'Management']"
191,S0192,Female,Engineering,Mechanics,2019,168237,"['Circuits', 'Thermodynamics', 'Mechanics', 'Mechanics', 'Engineering Math']"
192,S0193,Female,Engineering,Circuits,2022,178645,"['Engineering Math', 'Thermodynamics', 'Mechanics', 'Circuits', 'Engineering Math']"
193,S0194,Female,Science,Biology,2015,103134,"['Physics', 'Earth Science', 'Biology', 'Physics', 'Earth Science']"
195,S0196,Female,Engineering,Thermodynamics,2019,168237,"['Engineering Math', 'Circuits', 'Mechanics', 'Thermodynamics', 'Circuits']"
196,S0197,Female,Business,Accounting,2015,103134,"['Accounting', 'Management', 'Management', 'Accounting', 'Marketing']"
198,S0199,Female,Engineering,Circuits,2015,103134,"['Mechanics', 'Thermodynamics', 'Thermodynamics', 'Circuits', 'Mechanics']"
201,S0202,Female,Engineering,Mechanics,2015,103134,"['Mechanics', 'Circuits', 'Thermodynamics', 'Thermodynamics', 'Engineering Math']"
202,S0203,Male,Science,Chemistry,2017,171497,"['Biology', 'Earth Science', 'Physics', 'Chemistry', 'Biology']"
203,S0204,Male,Science,Chemistry,2014,129258,"['Physics', 'Biology', 'Earth Science', 'Physics', 'Biology']"
204,S0205,Male,Business,Management,2020,100830,"['Management', 'Accounting', 'Marketing', 'Marketing', 'Economics']"
206,S0207,Female,Business,Marketing,2017,171497,"['Marketing', 'Management', 'Marketing', 'Accounting', 'Accounting']"
207,S0208,Female,Engineering,Engineering Math,2021,121479,"['Thermodynamics', 'Circuits', 'Engineering Math', 'Engineering Math', 'Mechanics']"
209,S0210,Male,Science,Chemistry,2022,178645,"['Biology', 'Chemistry', 'Earth Science', 'Physics', 'Chemistry']"
212,S0213,Male,Engineering,Engineering Math,2018,195204,"['Engineering Math', 'Engineering Math', 'Mechanics', 'Thermodynamics', 'Circuits']"
214,S0215,Female,Science,Earth Science,2019,168237,"['Chemistry', 'Earth Science', 'Biology', 'Physics', 'Biology']"
216,S0217,Male,Science,Earth Science,2020,100830,"['Chemistry', 'Chemistry', 'Physics', 'Earth Science', 'Physics']"
217,S0218,Male,Engineering,Mechanics,2022,178645,"['Thermodynamics', 'Thermodynamics', 'Engineering Math', 'Circuits', 'Mechanics']"
218,S0219,Male,Engineering,Circuits,2018,195204,"['Engineering Math', 'Thermodynamics', 'Circuits', 'Circuits', 'Mechanics']"
219,S0220,Male,Business,Management,2024,188031,"['Accounting', 'Economics', 'Management', 'Economics', 'Management']"
221,S0222,Male,Science,Biology,2020,100830,"['Biology', 'Physics', 'Biology', 'Chemistry', 'Physics']"
222,S0223,Male,Business,Economics,2023,186057,"['Accounting', 'Management', 'Management', 'Marketing', 'Economics']"
225,S0226,Female,Science,Biology,2016,180392,"['Chemistry', 'Physics', 'Chemistry', 'Physics', 'Earth Science']"
226,S0227,Male,Engineering,Engineering Math,2014,129258,"['Mechanics', 'Mechanics', 'Engineering Math', 'Thermodynamics', 'Circuits']"
227,S0228,Male,Business,Accounting,2018,195204,"['Accounting', 'Marketing', 'Accounting', 'Economics', 'Economics']"
228,S0229,Male,Engineering,Circuits,2020,100830,"['Engineering Math', 'Thermodynamics', 'Circuits', 'Mechanics', 'Circuits']"
229,S0230,Male,Business,Management,2018,195204,"['Management', 'Marketing', 'Accounting', 'Economics', 'Management']"
230,S0231,Male,Engineering,Mechanics,2015,103134,"['Thermodynamics', 'Circuits', 'Thermodynamics', 'Engineering Math', 'Mechanics']"
231,S0232,Female,Science,Earth Science,2014,129258,"['Physics', 'Biology', 'Chemistry', 'Physics', 'Chemistry']"
232,S0233,Female,Engineering,Thermodynamics,2024,188031,"['Circuits', 'Engineering Math', 'Engineering Math', 'Mechanics', 'Circuits']"
234,S0235,Male,Engineering,Thermodynamics,2022,178645,"['Circuits', 'Mechanics', 'Engineering Math', 'Thermodynamics', 'Thermodynamics']"
235,S0236,Female,Engineering,Engineering Math,2021,121479,"['Circuits', 'Thermodynamics', 'Engineering Math', 'Engineering Math', 'Thermodynamics']"
236,S0237,Male,Engineering,Engineering Math,2024,188031,"['Circuits', 'Engineering Math', 'Mechanics', 'Thermodynamics', 'Mechanics']"
239,S0240,Male,Science,Physics,2023,186057,"['Chemistry', 'Physics', 'Earth Science', 'Biology', 'Physics']"
241,S0242,Male,Business,Accounting,2023,186057,"['Accounting', 'Management', 'Economics', 'Accounting', 'Marketing']"
244,S0245,Female,Science,Physics,2016,180392,"['Physics', 'Biology', 'Physics', 'Chemistry', 'Earth Science']"
246,S0247,Male,Engineering,Engineering Math,2015,103134,"['Engineering Math', 'Mechanics', 'Thermodynamics', 'Circuits', 'Engineering Math']"
248,S0249,Male,Engineering,Circuits,2020,100830,"['Circuits', 'Thermodynamics', 'Engineering Math', 'Thermodynamics', 'Mechanics']"
251,S0252,Female,Science,Chemistry,2022,178645,"['Earth Science', 'Biology', 'Earth Science', 'Physics', 'Physics']"
254,S0255,Male,Science,Chemistry,2021,121479,"['Physics', 'Biology', 'Biology', 'Chemistry', 'Physics']"
255,S0256,Female,Business,Marketing,2019,168237,"['Accounting', 'Economics', 'Marketing', 'Economics', 'Management']"
257,S0258,Female,Business,Accounting,2024,188031,"['Accounting', 'Management', 'Economics', 'Economics', 'Marketing']"
259,S0260,Female,Business,Accounting,2020,100830,"['Management', 'Marketing', 'Accounting', 'Economics', 'Economics']"
261,S0262,Female,Science,Physics,2014,129258,"['Chemistry', 'Biology', 'Earth Science', 'Chemistry', 'Biology']"
262,S0263,Male,Science,Physics,2019,168237,"['Physics', 'Biology', 'Earth Science', 'Biology', 'Chemistry']"
263,S0264,Female,Engineering,Thermodynamics,2022,178645,"['Thermodynamics', 'Mechanics', 'Circuits', 'Circuits', 'Mechanics']"
265,S0266,Male,Engineering,Mechanics,2017,171497,"['Thermodynamics', 'Engineering Math', 'Mechanics', 'Thermodynamics', 'Engineering Math']"
266,S0267,Female,Engineering,Circuits,2018,195204,"['Circuits', 'Engineering Math', 'Thermodynamics', 'Mechanics', 'Engineering Math']"
267,S0268,Male,Business,Economics,2018,195204,"['Management', 'Economics', 'Economics', 'Management', 'Marketing']"
268,S0269,Female,Business,Marketing,2023,186057,"['Economics', 'Marketing', 'Accounting', 'Marketing', 'Accounting']"
269,S0270,Female,Science,Biology,2021,121479,"['Physics', 'Biology', 'Chemistry', 'Physics', 'Earth Science']"
271,S0272,Male,Engineering,Circuits,2014,129258,"['Thermodynamics', 'Engineering Math', 'Mechanics', 'Engineering Math', 'Mechanics']"
272,S0273,Male,Engineering,Mechanics,2023,186057,"['Circuits', 'Engineering Math', 'Thermodynamics', 'Mechanics', 'Engineering Math']"
273,S0274,Male,Engineering,Circuits,2019,168237,"['Thermodynamics', 'Mechanics', 'Mechanics', 'Engineering Math', 'Circuits']"
274,S0275,Female,Business,Economics,2015,103134,"['Management', 'Management', 'Accounting', 'Economics', 'Economics']"
275,S0276,Male,Engineering,Mechanics,2014,129258,"['Thermodynamics', 'Engineering Math', 'Mechanics', 'Thermodynamics', 'Circuits']"
276,S0277,Male,Engineering,Mechanics,2016,180392,"['Mechanics', 'Mechanics', 'Thermodynamics', 'Engineering Math', 'Engineering Math']"
278,S0279,Female,Science,Biology,2021,121479,"['Chemistry', 'Physics', 'Earth Science', 'Biology', 'Physics']"
281,S0282,Male,Business,Economics,2016,180392,"['Management', 'Economics', 'Economics', 'Marketing', 'Marketing']"
282,S0283,Male,Engineering,Mechanics,2020,100830,"['Thermodynamics', 'Engineering Math', 'Mechanics', 'Engineering Math', 'Circuits']"
284,S0285,Male,Engineering,Engineering Math,2019,168237,"['Thermodynamics', 'Circuits', 'Engineering Math', 'Engineering Math', 'Mechanics']"
285,S0286,Male,Science,Earth Science,2015,103134,"['Earth Science', 'Chemistry', 'Chemistry', 'Biology', 'Physics']"
288,S0289,Female,Business,Marketing,2015,103134,"['Management', 'Marketing', 'Accounting', 'Economics', 'Economics']"
292,S0293,Male,Engineering,Thermodynamics,2021,121479,"['Circuits', 'Circuits', 'Thermodynamics', 'Thermodynamics', 'Mechanics']"
294,S0295,Male,Engineering,Thermodynamics,2021,121479,"['Mechanics', 'Engineering Math', 'Thermodynamics', 'Circuits', 'Circuits']"
296,S0297,Female,Science,Biology,2017,171497,"['Chemistry', 'Physics', 'Earth Science', 'Earth Science', 'Physics']"
297,S0298,Female,Business,Economics,2017,171497,"['Management', 'Economics', 'Marketing', 'Accounting', 'Accounting']"
300,S0301,Female,Business,Economics,2022,178645,"['Marketing', 'Economics', 'Management', 'Economics', 'Management']"
301,S0302,Female,Science,Physics,2019,168237,"['Physics', 'Physics', 'Earth Science', 'Chemistry', 'Earth Science']"
302,S0303,Female,Engineering,Circuits,2017,171497,"['Mechanics', 'Circuits', 'Engineering Math', 'Engineering Math', 'Mechanics']"
303,S0304,Male,Engineering,Engineering Math,2018,195204,"['Thermodynamics', 'Mechanics', 'Engineering Math', 'Circuits', 'Engineering Math']"
304,S0305,Male,Engineering,Mechanics,2023,186057,"['Thermodynamics', 'Engineering Math', 'Mechanics', 'Mechanics', 'Circuits']"
305,S0306,Male,Science,Chemistry,2024,188031,"['Chemistry', 'Physics', 'Earth Science', 'Chemistry', 'Biology']"
306,S0307,Female,Science,Physics,2022,178645,"['Biology', 'Earth Science', 'Biology', 'Earth Science', 'Physics']"
307,S0308,Male,Business,Management,2017,171497,"['Economics', 'Management', 'Accounting', 'Management', 'Marketing']"
312,S0313,Male,Business,Management,2022,178645,"['Economics', 'Accounting', 'Management', 'Marketing', 'Economics']"
313,S0314,Male,Engineering,Mechanics,2021,121479,"['Circuits', 'Mechanics', 'Thermodynamics', 'Engineering Math', 'Engineering Math']"
316,S0317,Male,Engineering,Circuits,2016,180392,"['Circuits', 'Engineering Math', 'Mechanics', 'Thermodynamics', 'Thermodynamics']"
317,S0318,Female,Engineering,Mechanics,2023,186057,"['Circuits', 'Mechanics', 'Engineering Math', 'Engineering Math', 'Circuits']"
319,S0320,Female,Business,Marketing,2020,100830,"['Accounting', 'Marketing', 'Management', 'Accounting', 'Marketing']"
322,S0323,Female,Business,Economics,2016,180392,"['Marketing', 'Accounting', 'Economics', 'Management', 'Marketing']"
323,S0324,Male,Business,Management,2021,121479,"['Management', 'Economics', 'Marketing', 'Accounting', 'Management']"
325,S0326,Female,Science,Earth Science,2014,129258,"['Earth Science', 'Chemistry', 'Earth Science', 'Physics', 'Biology']"
327,S0328,Female,Business,Management,2015,103134,"['Marketing', 'Economics', 'Management', 'Management', 'Accounting']"
330,S0331,Female,Engineering,Mechanics,2018,195204,"['Engineering Math', 'Mechanics', 'Thermodynamics', 'Mechanics', 'Circuits']"
333,S0334,Female,Science,Earth Science,2022,178645,"['Physics', 'Physics', 'Earth Science', 'Biology', 'Chemistry']"
334,S0335,Female,Engineering,Engineering Math,2017,171497,"['Thermodynamics', 'Thermodynamics', 'Engineering Math', 'Mechanics', 'Circuits']"
335,S0336,Female,Business,Economics,2018,195204,"['Economics', 'Management', 'Accounting', 'Economics', 'Accounting']"
336,S0337,Male,Engineering,Circuits,2018,195204,"['Circuits', 'Engineering Math', 'Thermodynamics', 'Circuits', 'Mechanics']"
337,S0338,Female,Engineering,Circuits,2021,121479,"['Mechanics', 'Circuits', 'Thermodynamics', 'Engineering Math', 'Engineering Math']"
339,S0340,Male,Science,Earth Science,2016,180392,"['Physics', 'Chemistry', 'Biology', 'Earth Science', 'Chemistry']"
340,S0341,Male,Engineering,Mechanics,2017,171497,"['Engineering Math', 'Mechanics', 'Thermodynamics', 'Circuits', 'Circuits']"
342,S0343,Male,Business,Marketing,2021,121479,"['Accounting', 'Management', 'Economics', 'Marketing', 'Management']"
344,S0345,Female,Science,Biology,2016,180392,"['Physics', 'Earth Science', 'Earth Science', 'Biology', 'Physics']"
347,S0348,Female,Science,Physics,2015,103134,"['Chemistry', 'Earth Science', 'Chemistry', 'Biology', 'Physics']"
349,S0350,Female,Business,Accounting,2015,103134,"['Economics', 'Marketing', 'Accounting', 'Management', 'Marketing']"
350,S0351,Female,Science,Physics,2021,121479,"['Biology', 'Earth Science', 'Physics', 'Physics', 'Chemistry']"
351,S0352,Male,Science,Physics,2023,186057,"['Chemistry', 'Chemistry', 'Physics', 'Biology', 'Biology']"
352,S0353,Male,Engineering,Engineering Math,2021,121479,"['Thermodynamics', 'Engineering Math', 'Engineering Math', 'Mechanics', 'Circuits']"
353,S0354,Male,Engineering,Thermodynamics,2014,129258,"['Thermodynamics', 'Engineering Math', 'Thermodynamics', 'Engineering Math', 'Mechanics']"
354,S0355,Female,Engineering,Mechanics,2024,188031,"['Thermodynamics', 'Circuits', 'Engineering Math', 'Mechanics', 'Thermodynamics']"
356,S0357,Female,Business,Accounting,2018,195204,"['Management', 'Accounting', 'Management', 'Economics', 'Accounting']"
357,S0358,Male,Science,Physics,2014,129258,"['Earth Science', 'Biology', 'Physics', 'Earth Science', 'Chemistry']"
358,S0359,Female,Engineering,Circuits,2016,180392,"['Engineering Math', 'Engineering Math', 'Mechanics', 'Thermodynamics', 'Mechanics']"
359,S0360,Male,Engineering,Mechanics,2024,188031,"['Thermodynamics', 'Engineering Math', 'Circuits', 'Engineering Math', 'Mechanics']"
362,S0363,Male,Engineering,Circuits,2020,100830,"['Thermodynamics', 'Engineering Math', 'Mechanics', 'Circuits', 'Circuits']"
363,S0364,Female,Engineering,Mechanics,2023,186057,"['Engineering Math', 'Mechanics', 'Thermodynamics', 'Mechanics', 'Engineering Math']"
367,S0368,Male,Science,Biology,2023,186057,"['Biology', 'Earth Science', 'Physics', 'Chemistry', 'Physics']"
369,S0370,Male,Business,Management,2017,171497,"['Economics', 'Management', 'Accounting', 'Management', 'Marketing']"
370,S0371,Female,Engineering,Engineering Math,2016,180392,"['Circuits', 'Mechanics', 'Circuits', 'Engineering Math', 'Engineering Math']"
373,S0374,Female,Engineering,Thermodynamics,2018,195204,"['Engineering Math', 'Circuits', 'Mechanics', 'Thermodynamics', 'Circuits']"
374,S0375,Female,Business,Economics,2024,188031,"['Marketing', 'Accounting', 'Accounting', 'Marketing', 'Economics']"
375,S0376,Male,Engineering,Thermodynamics,2017,171497,"['Mechanics', 'Circuits', 'Circuits', 'Thermodynamics', 'Thermodynamics']"
376,S0377,Male,Engineering,Mechanics,2023,186057,"['Circuits', 'Engineering Math', 'Mechanics', 'Engineering Math', 'Mechanics']"
377,S0378,Female,Business,Marketing,2016,180392,"['Economics', 'Marketing', 'Economics', 'Marketing', 'Management']"
378,S0379,Male,Engineering,Circuits,2023,186057,"['Mechanics', 'Circuits', 'Thermodynamics', 'Engineering Math', 'Engineering Math']"
381,S0382,Female,Engineering,Engineering Math,2020,100830,"['Engineering Math', 'Mechanics', 'Circuits', 'Mechanics', 'Engineering Math']"
382,S0383,Female,Science,Physics,2014,129258,"['Earth Science', 'Physics', 'Physics', 'Biology', 'Earth Science']"
383,S0384,Female,Business,Marketing,2018,195204,"['Management', 'Marketing', 'Economics', 'Management', 'Economics']"
384,S0385,Male,Engineering,Mechanics,2018,195204,"['Engineering Math', 'Engineering Math', 'Mechanics', 'Circuits', 'Thermodynamics']"
385,S0386,Female,Business,Management,2022,178645,"['Management', 'Marketing', 'Accounting', 'Management', 'Marketing']"
386,S0387,Male,Engineering,Thermodynamics,2021,121479,"['Mechanics', 'Thermodynamics', 'Engineering Math', 'Circuits', 'Circuits']"
388,S0389,Male,Science,Chemistry,2015,103134,"['Chemistry', 'Biology', 'Earth Science', 'Physics', 'Earth Science']"
389,S0390,Male,Engineering,Mechanics,2021,121479,"['Mechanics', 'Thermodynamics', 'Mechanics', 'Engineering Math', 'Circuits']"
391,S0392,Female,Engineering,Mechanics,2020,100830,"['Thermodynamics', 'Circuits', 'Mechanics', 'Engineering Math', 'Mechanics']"
392,S0393,Male,Science,Biology,2018,195204,"['Biology', 'Earth Science', 'Chemistry', 'Chemistry', 'Physics']"
394,S0395,Male,Business,Marketing,2019,168237,"['Accounting', 'Management', 'Accounting', 'Economics', 'Marketing']"
396,S0397,Female,Engineering,Engineering Math,2015,103134,"['Engineering Math', 'Mechanics', 'Mechanics', 'Circuits', 'Engineering Math']"
397,S0398,Male,Engineering,Circuits,2018,195204,"['Engineering Math', 'Thermodynamics', 'Circuits', 'Mechanics', 'Engineering Math']"
399,S0400,Female,Business,Economics,2017,171497,"['Marketing', 'Economics', 'Marketing', 'Accounting', 'Accounting']"
402,S0403,Female,Science,Physics,2020,100830,"['Biology', 'Chemistry', 'Earth Science', 'Earth Science', 'Chemistry']"
403,S0404,Male,Science,Physics,2020,100830,"['Biology', 'Chemistry', 'Biology', 'Physics', 'Earth Science']"
405,S0406,Male,Engineering,Mechanics,2014,129258,"['Circuits', 'Mechanics', 'Thermodynamics', 'Thermodynamics', 'Circuits']"
408,S0409,Male,Engineering,Thermodynamics,2018,195204,"['Engineering Math', 'Thermodynamics', 'Circuits', 'Engineering Math', 'Circuits']"
409,S0410,Male,Science,Earth Science,2023,186057,"['Chemistry', 'Physics', 'Biology', 'Physics', 'Chemistry']"
410,S0411,Male,Science,Earth Science,2019,168237,"['Biology', 'Earth Science', 'Chemistry', 'Earth Science', 'Chemistry']"
411,S0412,Female,Business,Economics,2014,129258,"['Accounting', 'Marketing', 'Economics', 'Economics', 'Accounting']"
412,S0413,Male,Engineering,Circuits,2014,129258,"['Thermodynamics', 'Circuits', 'Mechanics', 'Engineering Math', 'Mechanics']"
414,S0415,Male,Science,Biology,2021,121479,"['Chemistry', 'Earth Science', 'Earth Science', 'Physics', 'Chemistry']"
415,S0416,Female,Business,Economics,2022,178645,"['Marketing', 'Economics', 'Management', 'Management', 'Accounting']"
417,S0418,Male,Business,Marketing,2020,100830,"['Economics', 'Management', 'Marketing', 'Management', 'Accounting']"
418,S0419,Female,Engineering,Circuits,2016,180392,"['Circuits', 'Thermodynamics', 'Mechanics', 'Circuits', 'Engineering Math']"
420,S0421,Male,Science,Chemistry,2019,168237,"['Chemistry', 'Chemistry', 'Biology', 'Physics', 'Earth Science']"
421,S0422,Male,Engineering,Mechanics,2024,188031,"['Engineering Math', 'Circuits', 'Engineering Math', 'Mechanics', 'Thermodynamics']"
422,S0423,Female,Engineering,Engineering Math,2024,188031,"['Engineering Math', 'Thermodynamics', 'Circuits', 'Circuits', 'Thermodynamics']"
424,S0425,Male,Science,Earth Science,2023,186057,"['Chemistry', 'Chemistry', 'Earth Science', 'Earth Science', 'Biology']"
426,S0427,Female,Engineering,Engineering Math,2024,188031,"['Mechanics', 'Thermodynamics', 'Mechanics', 'Circuits', 'Engineering Math']"
427,S0428,Male,Engineering,Mechanics,2014,129258,"['Engineering Math', 'Mechanics', 'Circuits', 'Mechanics', 'Circuits']"
430,S0431,Female,Science,Earth Science,2023,186057,"['Biology', 'Chemistry', 'Physics', 'Physics', 'Earth Science']"
431,S0432,Female,Engineering,Circuits,2014,129258,"['Engineering Math', 'Circuits', 'Thermodynamics', 'Engineering Math', 'Circuits']"
432,S0433,Male,Business,Marketing,2014,129258,"['Marketing', 'Marketing', 'Accounting', 'Economics', 'Management']"
434,S0435,Female,Business,Marketing,2018,195204,"['Accounting', 'Management', 'Economics', 'Economics', 'Marketing']"
435,S0436,Female,Science,Chemistry,2018,195204,"['Earth Science', 'Physics', 'Chemistry', 'Earth Science', 'Chemistry']"
437,S0438,Female,Business,Management,2016,180392,"['Economics', 'Marketing', 'Marketing', 'Accounting', 'Management']"
439,S0440,Female,Science,Biology,2019,168237,"['Chemistry', 'Biology', 'Earth Science', 'Biology', 'Earth Science']"
440,S0441,Female,Engineering,Thermodynamics,2014,129258,"['Circuits', 'Circuits', 'Mechanics', 'Thermodynamics', 'Engineering Math']"
441,S0442,Female,Business,Economics,2022,178645,"['Management', 'Accounting', 'Accounting', 'Management', 'Economics']"
443,S0444,Female,Business,Management,2020,100830,"['Marketing', 'Marketing', 'Economics', 'Accounting', 'Accounting']"
444,S0445,Female,Business,Marketing,2022,178645,"['Management', 'Economics', 'Management', 'Economics', 'Accounting']"
445,S0446,Female,Science,Chemistry,2023,186057,"['Biology', 'Chemistry', 'Chemistry', 'Physics', 'Earth Science']"
448,S0449,Female,Science,Biology,2015,103134,"['Physics', 'Chemistry', 'Biology', 'Earth Science', 'Biology']"
450,S0451,Male,Science,Physics,2015,103134,"['Biology', 'Earth Science', 'Chemistry', 'Biology', 'Chemistry']"
452,S0453,Female,Business,Management,2015,103134,"['Marketing', 'Management', 'Management', 'Economics', 'Accounting']"
453,S0454,Male,Science,Physics,2015,103134,"['Physics', 'Earth Science', 'Biology', 'Earth Science', 'Chemistry']"
455,S0456,Female,Business,Marketing,2020,100830,"['Economics', 'Management', 'Marketing', 'Management', 'Marketing']"
460,S0461,Male,Engineering,Thermodynamics,2014,129258,"['Thermodynamics', 'Mechanics', 'Mechanics', 'Circuits', 'Thermodynamics']"
463,S0464,Female,Engineering,Thermodynamics,2018,195204,"['Engineering Math', 'Thermodynamics', 'Circuits', 'Thermodynamics', 'Engineering Math']"
464,S0465,Female,Business,Management,2022,178645,"['Management', 'Management', 'Accounting', 'Marketing', 'Accounting']"
465,S0466,Male,Engineering,Thermodynamics,2016,180392,"['Thermodynamics', 'Mechanics', 'Engineering Math', 'Engineering Math', 'Circuits']"
466,S0467,Female,Science,Earth Science,2023,186057,"['Physics', 'Chemistry', 'Earth Science', 'Biology', 'Physics']"
467,S0468,Female,Science,Chemistry,2016,180392,"['Chemistry', 'Chemistry', 'Biology', 'Earth Science', 'Physics']"
468,S0469,Female,Business,Accounting,2024,188031,"['Management', 'Economics', 'Management', 'Marketing', 'Economics']"
469,S0470,Male,Business,Economics,2022,178645,"['Economics', 'Accounting', 'Accounting', 'Marketing', 'Economics']"
470,S0471,Male,Engineering,Thermodynamics,2024,188031,"['Circuits', 'Engineering Math', 'Mechanics', 'Engineering Math', 'Thermodynamics']"
471,S0472,Female,Engineering,Circuits,2023,186057,"['Thermodynamics', 'Circuits', 'Mechanics', 'Circuits', 'Engineering Math']"
472,S0473,Male,Science,Chemistry,2024,188031,"['Earth Science', 'Chemistry', 'Physics', 'Chemistry', 'Biology']"
473,S0474,Male,Engineering,Circuits,2020,100830,"['Thermodynamics', 'Mechanics', 'Thermodynamics', 'Circuits', 'Engineering Math']"
475,S0476,Male,Science,Biology,2018,195204,"['Physics', 'Chemistry', 'Biology', 'Earth Science', 'Physics']"
477,S0478,Male,Engineering,Mechanics,2024,188031,"['Mechanics', 'Engineering Math', 'Circuits', 'Mechanics', 'Thermodynamics']"
478,S0479,Female,Business,Management,2018,195204,"['Marketing', 'Accounting', 'Economics', 'Marketing', 'Management']"
480,S0481,Female,Engineering,Thermodynamics,2024,188031,"['Engineering Math', 'Mechanics', 'Engineering Math', 'Circuits', 'Thermodynamics']"
481,S0482,Male,Science,Physics,2018,195204,"['Chemistry', 'Earth Science', 'Earth Science', 'Physics', 'Chemistry']"
482,S0483,Male,Engineering,Thermodynamics,2016,180392,"['Mechanics', 'Circuits', 'Circuits', 'Engineering Math', 'Mechanics']"
483,S0484,Male,Business,Management,2017,171497,"['Marketing', 'Management', 'Accounting', 'Economics', 'Marketing']"
484,S0485,Male,Engineering,Thermodynamics,2014,129258,"['Thermodynamics', 'Circuits', 'Mechanics', 'Engineering Math', 'Circuits']"
485,S0486,Female,Business,Accounting,2024,188031,"['Marketing', 'Accounting', 'Management', 'Economics', 'Management']"
489,S0490,Female,Engineering,Thermodynamics,2022,178645,"['Circuits', 'Mechanics', 'Engineering Math', 'Circuits', 'Mechanics']"
490,S0491,Female,Engineering,Circuits,2020,100830,"['Mechanics', 'Thermodynamics', 'Circuits', 'Engineering Math', 'Engineering Math']"
491,S0492,Female,Business,Marketing,2024,188031,"['Economics', 'Accounting', 'Marketing', 'Marketing', 'Economics']"
492,S0493,Female,Engineering,Mechanics,2015,103134,"['Engineering Math', 'Engineering Math', 'Thermodynamics', 'Circuits', 'Mechanics']"
494,S0495,Male,Business,Management,2019,168237,"['Marketing', 'Management', 'Accounting', 'Marketing', 'Management']"
495,S0496,Male,Business,Marketing,2024,188031,"['Marketing', 'Economics', 'Accounting', 'Management', 'Management']"
500,S0501,Female,Business,Economics,2015,103134,"['Accounting', 'Management', 'Marketing', 'Marketing', 'Economics']"
501,S0502,Male,Science,Chemistry,2015,103134,"['Physics', 'Chemistry', 'Physics', 'Biology', 'Biology']"
503,S0504,Female,Business,Accounting,2016,180392,"['Economics', 'Marketing', 'Accounting', 'Management', 'Economics']"
505,S0506,Male,Engineering,Mechanics,2024,188031,"['Engineering Math', 'Mechanics', 'Thermodynamics', 'Engineering Math', 'Mechanics']"
506,S0507,Male,Science,Earth Science,2017,171497,"['Earth Science', 'Earth Science', 'Chemistry', 'Biology', 'Physics']"
508,S0509,Male,Engineering,Engineering Math,2022,178645,"['Engineering Math', 'Mechanics', 'Thermodynamics', 'Circuits', 'Engineering Math']"
509,S0510,Male,Science,Earth Science,2020,100830,"['Chemistry', 'Biology', 'Physics', 'Earth Science', 'Physics']"
510,S0511,Male,Engineering,Thermodynamics,2022,178645,"['Engineering Math', 'Circuits', 'Thermodynamics', 'Mechanics', 'Mechanics']"
512,S0513,Male,Engineering,Mechanics,2023,186057,"['Engineering Math', 'Engineering Math', 'Circuits', 'Mechanics', 'Circuits']"
517,S0518,Female,Engineering,Thermodynamics,2019,168237,"['Mechanics', 'Engineering Math', 'Circuits', 'Thermodynamics', 'Engineering Math']"
518,S0519,Female,Business,Management,2014,129258,"['Marketing', 'Marketing', 'Accounting', 'Economics', 'Management']"
519,S0520,Female,Business,Marketing,2014,129258,"['Economics', 'Management', 'Economics', 'Marketing', 'Management']"
520,S0521,Male,Business,Marketing,2021,121479,"['Accounting', 'Accounting', 'Management', 'Economics', 'Management']"
524,S0525,Male,Engineering,Circuits,2021,121479,"['Mechanics', 'Thermodynamics', 'Mechanics', 'Circuits', 'Circuits']"
525,S0526,Male,Science,Chemistry,2015,103134,"['Chemistry', 'Earth Science', 'Physics', 'Earth Science', 'Biology']"
526,S0527,Female,Science,Biology,2017,171497,"['Physics', 'Earth Science', 'Physics', 'Earth Science', 'Biology']"
527,S0528,Female,Business,Accounting,2021,121479,"['Accounting', 'Management', 'Marketing', 'Marketing', 'Economics']"
529,S0530,Female,Business,Economics,2015,103134,"['Marketing', 'Economics', 'Economics', 'Accounting', 'Management']"
531,S0532,Female,Business,Management,2018,195204,"['Management', 'Accounting', 'Marketing', 'Economics', 'Marketing']"
533,S0534,Female,Business,Management,2022,178645,"['Economics', 'Management', 'Economics', 'Accounting', 'Accounting']"
534,S0535,Female,Engineering,Circuits,2017,171497,"['Thermodynamics', 'Circuits', 'Engineering Math', 'Thermodynamics', 'Mechanics']"
535,S0536,Female,Engineering,Engineering Math,2016,180392,"['Thermodynamics', 'Mechanics', 'Engineering Math', 'Engineering Math', 'Circuits']"
536,S0537,Female,Engineering,Thermodynamics,2020,100830,"['Engineering Math', 'Engineering Math', 'Circuits', 'Mechanics', 'Mechanics']"
537,S0538,Male,Science,Physics,2020,100830,"['Physics', 'Biology', 'Chemistry', 'Chemistry', 'Biology']"
538,S0539,Male,Business,Management,2018,195204,"['Economics', 'Marketing', 'Management', 'Marketing', 'Management']"
540,S0541,Male,Business,Accounting,2017,171497,"['Economics', 'Economics', 'Marketing', 'Management', 'Accounting']"
543,S0544,Male,Engineering,Thermodynamics,2015,103134,"['Circuits', 'Mechanics', 'Thermodynamics', 'Thermodynamics', 'Mechanics']"
544,S0545,Male,Business,Management,2024,188031,"['Economics', 'Accounting', 'Marketing', 'Management', 'Accounting']"
546,S0547,Female,Business,Economics,2015,103134,"['Marketing', 'Management', 'Economics', 'Marketing', 'Accounting']"
548,S0549,Female,Business,Marketing,2024,188031,"['Economics', 'Accounting', 'Marketing', 'Management', 'Management']"
549,S0550,Female,Business,Marketing,2021,121479,"['Management', 'Economics', 'Accounting', 'Marketing', 'Management']"
550,S0551,Female,Engineering,Circuits,2016,180392,"['Circuits', 'Thermodynamics', 'Mechanics', 'Engineering Math', 'Mechanics']"
551,S0552,Female,Science,Chemistry,2015,103134,"['Earth Science', 'Physics', 'Chemistry', 'Earth Science', 'Biology']"
552,S0553,Male,Business,Marketing,2018,195204,"['Marketing', 'Accounting', 'Economics', 'Management', 'Economics']"
553,S0554,Male,Engineering,Engineering Math,2018,195204,"['Circuits', 'Engineering Math', 'Engineering Math', 'Circuits', 'Thermodynamics']"
554,S0555,Male,Science,Biology,2014,129258,"['Physics', 'Earth Science', 'Physics', 'Biology', 'Chemistry']"
555,S0556,Male,Science,Earth Science,2019,168237,"['Earth Science', 'Chemistry', 'Earth Science', 'Biology', 'Chemistry']"
556,S0557,Male,Business,Marketing,2017,171497,"['Accounting', 'Management', 'Marketing', 'Marketing', 'Economics']"
557,S0558,Male,Business,Economics,2016,180392,"['Marketing', 'Accounting', 'Management', 'Economics', 'Economics']"
559,S0560,Female,Engineering,Mechanics,2016,180392,"['Thermodynamics', 'Circuits', 'Mechanics', 'Circuits', 'Thermodynamics']"
560,S0561,Female,Science,Biology,2016,180392,"['Physics', 'Chemistry', 'Earth Science', 'Chemistry', 'Biology']"
561,S0562,Female,Engineering,Mechanics,2024,188031,"['Engineering Math', 'Mechanics', 'Thermodynamics', 'Engineering Math', 'Mechanics']"
562,S0563,Male,Engineering,Circuits,2023,186057,"['Engineering Math', 'Circuits', 'Mechanics', 'Mechanics', 'Thermodynamics']"
565,S0566,Female,Science,Chemistry,2019,168237,"['Biology', 'Chemistry', 'Chemistry', 'Earth Science', 'Physics']"
567,S0568,Female,Science,Earth Science,2014,129258,"['Physics', 'Earth Science', 'Biology', 'Chemistry', 'Biology']"
568,S0569,Male,Science,Earth Science,2014,129258,"['Earth Science', 'Biology', 'Earth Science', 'Biology', 'Chemistry']"
571,S0572,Male,Science,Physics,2020,100830,"['Biology', 'Physics', 'Earth Science', 'Chemistry', 'Chemistry']"
572,S0573,Female,Engineering,Circuits,2014,129258,"['Thermodynamics', 'Circuits', 'Thermodynamics', 'Circuits', 'Engineering Math']"
573,S0574,Female,Science,Earth Science,2016,180392,"['Physics', 'Earth Science', 'Physics', 'Earth Science', 'Chemistry']"
574,S0575,Female,Business,Economics,2024,188031,"['Management', 'Economics', 'Accounting', 'Marketing', 'Accounting']"
579,S0580,Female,Business,Marketing,2017,171497,"['Accounting', 'Marketing', 'Management', 'Marketing', 'Accounting']"
581,S0582,Male,Business,Accounting,2016,180392,"['Marketing', 'Accounting', 'Marketing', 'Economics', 'Economics']"
582,S0583,Female,Business,Economics,2015,103134,"['Marketing', 'Accounting', 'Economics', 'Management', 'Management']"
586,S0587,Female,Business,Accounting,2023,186057,"['Accounting', 'Marketing', 'Management', 'Accounting', 'Marketing']"
587,S0588,Male,Science,Chemistry,2021,121479,"['Chemistry', 'Chemistry', 'Earth Science', 'Physics', 'Physics']"
588,S0589,Male,Science,Biology,2023,186057,"['Physics', 'Earth Science', 'Chemistry', 'Biology', 'Earth Science']"
589,S0590,Female,Business,Management,2016,180392,"['Management', 'Economics', 'Marketing', 'Accounting', 'Management']"
592,S0593,Female,Engineering,Mechanics,2020,100830,"['Engineering Math', 'Thermodynamics', 'Mechanics', 'Mechanics', 'Circuits']"
594,S0595,Male,Science,Earth Science,2017,171497,"['Chemistry', 'Physics', 'Biology', 'Earth Science', 'Physics']"
595,S0596,Female,Engineering,Thermodynamics,2016,180392,"['Engineering Math', 'Mechanics', 'Circuits', 'Circuits', 'Thermodynamics']"
596,S0597,Male,Engineering,Circuits,2015,103134,"['Thermodynamics', 'Circuits', 'Thermodynamics', 'Circuits', 'Engineering Math']"
597,S0598,Male,Engineering,Mechanics,2018,195204,"['Engineering Math', 'Engineering Math', 'Circuits', 'Mechanics', 'Thermodynamics']"
599,S0600,Male,Business,Marketing,2020,100830,"['Economics', 'Management', 'Economics', 'Management', 'Marketing']"
600,S0601,Male,Engineering,Thermodynamics,2015,103134,"['Engineering Math', 'Mechanics', 'Thermodynamics', 'Thermodynamics', 'Mechanics']"
602,S0603,Male,Business,Management,2017,171497,"['Economics', 'Management', 'Marketing', 'Marketing', 'Accounting']"
603,S0604,Male,Business,Accounting,2014,129258,"['Accounting', 'Marketing', 'Management', 'Marketing', 'Management']"
604,S0605,Male,Engineering,Mechanics,2015,103134,"['Engineering Math', 'Engineering Math', 'Circuits', 'Thermodynamics', 'Mechanics']"
608,S0609,Female,Engineering,Circuits,2019,168237,"['Circuits', 'Engineering Math', 'Mechanics', 'Thermodynamics', 'Mechanics']"
609,S0610,Male,Engineering,Engineering Math,2021,121479,"['Thermodynamics', 'Engineering Math', 'Mechanics', 'Circuits', 'Engineering Math']"
610,S0611,Male,Science,Biology,2016,180392,"['Biology', 'Physics', 'Chemistry', 'Earth Science', 'Biology']"
613,S0614,Male,Business,Accounting,2014,129258,"['Economics', 'Management', 'Management', 'Marketing', 'Accounting']"
614,S0615,Female,Engineering,Engineering Math,2022,178645,"['Circuits', 'Circuits', 'Engineering Math', 'Mechanics', 'Engineering Math']"
615,S0616,Female,Engineering,Thermodynamics,2016,180392,"['Circuits', 'Thermodynamics', 'Engineering Math', 'Mechanics', 'Thermodynamics']"
619,S0620,Male,Engineering,Circuits,2021,121479,"['Circuits', 'Circuits', 'Thermodynamics', 'Engineering Math', 'Engineering Math']"
621,S0622,Female,Business,Economics,2017,171497,"['Economics', 'Management', 'Marketing', 'Economics', 'Accounting']"
622,S0623,Female,Engineering,Mechanics,2022,178645,"['Mechanics', 'Engineering Math', 'Mechanics', 'Circuits', 'Thermodynamics']"
624,S0625,Female,Engineering,Circuits,2015,103134,"['Engineering Math', 'Mechanics', 'Engineering Math', 'Thermodynamics', 'Mechanics']"
625,S0626,Male,Business,Accounting,2015,103134,"['Economics', 'Marketing', 'Management', 'Economics', 'Accounting']"
626,S0627,Female,Engineering,Engineering Math,2019,168237,"['Mechanics', 'Engineering Math', 'Thermodynamics', 'Thermodynamics', 'Circuits']"
629,S0630,Male,Science,Chemistry,2014,129258,"['Physics', 'Earth Science', 'Earth Science', 'Chemistry', 'Physics']"
630,S0631,Female,Science,Earth Science,2017,171497,"['Biology', 'Physics', 'Chemistry', 'Physics', 'Chemistry']"
632,S0633,Female,Science,Earth Science,2020,100830,"['Chemistry', 'Biology', 'Earth Science', 'Physics', 'Physics']"
634,S0635,Male,Science,Earth Science,2017,171497,"['Physics', 'Earth Science', 'Earth Science', 'Chemistry', 'Chemistry']"
638,S0639,Female,Business,Marketing,2017,171497,"['Management', 'Marketing', 'Management', 'Economics', 'Marketing']"
639,S0640,Male,Business,Management,2014,129258,"['Accounting', 'Economics', 'Economics', 'Management', 'Marketing']"
641,S0642,Male,Business,Economics,2022,178645,"['Economics', 'Accounting', 'Economics', 'Marketing', 'Management']"
642,S0643,Male,Science,Earth Science,2019,168237,"['Earth Science', 'Physics', 'Chemistry', 'Biology', 'Physics']"
644,S0645,Female,Engineering,Mechanics,2018,195204,"['Thermodynamics', 'Mechanics', 'Thermodynamics', 'Engineering Math', 'Circuits']"
645,S0646,Male,Science,Chemistry,2016,180392,"['Earth Science', 'Earth Science', 'Chemistry', 'Physics', 'Biology']"
646,S0647,Female,Business,Marketing,2014,129258,"['Management', 'Marketing', 'Economics', 'Economics', 'Management']"
647,S0648,Female,Engineering,Engineering Math,2020,100830,"['Circuits', 'Thermodynamics', 'Mechanics', 'Circuits', 'Thermodynamics']"
649,S0650,Male,Science,Earth Science,2021,121479,"['Chemistry', 'Physics', 'Biology', 'Physics', 'Chemistry']"
650,S0651,Female,Business,Economics,2018,195204,"['Management', 'Marketing', 'Marketing', 'Accounting', 'Economics']"
652,S0653,Male,Science,Biology,2015,103134,"['Physics', 'Biology', 'Earth Science', 'Earth Science', 'Chemistry']"
653,S0654,Female,Business,Marketing,2024,188031,"['Management', 'Marketing', 'Management', 'Accounting', 'Economics']"
654,S0655,Male,Engineering,Engineering Math,2017,171497,"['Thermodynamics', 'Engineering Math', 'Mechanics', 'Engineering Math', 'Circuits']"
656,S0657,Female,Science,Biology,2017,171497,"['Chemistry', 'Physics', 'Biology', 'Biology', 'Earth Science']"
657,S0658,Male,Engineering,Mechanics,2015,103134,"['Thermodynamics', 'Circuits', 'Engineering Math', 'Mechanics', 'Thermodynamics']"
658,S0659,Female,Engineering,Engineering Math,2017,171497,"['Thermodynamics', 'Circuits', 'Engineering Math', 'Mechanics', 'Circuits']"
660,S0661,Female,Science,Biology,2023,186057,"['Physics', 'Biology', 'Chemistry', 'Earth Science', 'Earth Science']"
663,S0664,Female,Science,Chemistry,2022,178645,"['Biology', 'Chemistry', 'Biology', 'Chemistry', 'Physics']"
664,S0665,Male,Science,Earth Science,2019,168237,"['Physics', 'Biology', 'Chemistry', 'Chemistry', 'Biology']"
665,S0666,Female,Science,Earth Science,2020,100830,"['Physics', 'Physics', 'Earth Science', 'Chemistry', 'Biology']"
667,S0668,Female,Business,Accounting,2020,100830,"['Management', 'Economics', 'Accounting', 'Marketing', 'Marketing']"
668,S0669,Female,Science,Physics,2020,100830,"['Chemistry', 'Biology', 'Physics', 'Biology', 'Physics']"
673,S0674,Female,Science,Physics,2017,171497,"['Earth Science', 'Physics', 'Physics', 'Chemistry', 'Biology']"
675,S0676,Male,Business,Accounting,2018,195204,"['Marketing', 'Accounting', 'Management', 'Accounting', 'Economics']"
676,S0677,Male,Business,Management,2014,129258,"['Marketing', 'Management', 'Economics', 'Economics', 'Marketing']"
681,S0682,Female,Business,Accounting,2016,180392,"['Marketing', 'Accounting', 'Management', 'Accounting', 'Economics']"
683,S0684,Male,Engineering,Mechanics,2016,180392,"['Circuits', 'Mechanics', 'Thermodynamics', 'Mechanics', 'Engineering Math']"
685,S0686,Female,Business,Accounting,2020,100830,"['Accounting', 'Accounting', 'Economics', 'Economics', 'Marketing']"
686,S0687,Male,Science,Biology,2022,178645,"['Chemistry', 'Earth Science', 'Biology', 'Earth Science', 'Chemistry']"
687,S0688,Female,Science,Physics,2019,168237,"['Biology', 'Earth Science', 'Earth Science', 'Chemistry', 'Chemistry']"
688,S0689,Female,Science,Chemistry,2020,100830,"['Biology', 'Earth Science', 'Chemistry', 'Physics', 'Chemistry']"
691,S0692,Male,Science,Physics,2019,168237,"['Chemistry', 'Earth Science', 'Chemistry', 'Physics', 'Biology']"
693,S0694,Female,Engineering,Engineering Math,2014,129258,"['Mechanics', 'Mechanics', 'Circuits', 'Thermodynamics', 'Thermodynamics']"
695,S0696,Male,Engineering,Engineering Math,2017,171497,"['Mechanics', 'Circuits', 'Thermodynamics', 'Engineering Math', 'Engineering Math']"
696,S0697,Male,Business,Marketing,2018,195204,"['Accounting', 'Economics', 'Management', 'Accounting', 'Marketing']"
697,S0698,Female,Science,Earth Science,2018,195204,"['Chemistry', 'Biology', 'Earth Science', 'Physics', 'Chemistry']"
698,S0699,Male,Engineering,Thermodynamics,2019,168237,"['Mechanics', 'Thermodynamics', 'Engineering Math', 'Circuits', 'Thermodynamics']"
700,S0701,Male,Engineering,Circuits,2015,103134,"['Circuits', 'Thermodynamics', 'Engineering Math', 'Thermodynamics', 'Mechanics']"
701,S0702,Male,Engineering,Thermodynamics,2018,195204,"['Mechanics', 'Circuits', 'Circuits', 'Thermodynamics', 'Thermodynamics']"
702,S0703,Female,Science,Chemistry,2022,178645,"['Earth Science', 'Chemistry', 'Physics', 'Physics', 'Chemistry']"
703,S0704,Male,Engineering,Circuits,2016,180392,"['Engineering Math', 'Mechanics', 'Thermodynamics', 'Circuits', 'Thermodynamics']"
704,S0705,Female,Engineering,Engineering Math,2022,178645,"['Engineering Math', 'Thermodynamics', 'Circuits', 'Circuits', 'Mechanics']"
706,S0707,Female,Engineering,Engineering Math,2023,186057,"['Engineering Math', 'Circuits', 'Mechanics', 'Circuits', 'Thermodynamics']"
707,S0708,Male,Business,Accounting,2024,188031,"['Management', 'Economics', 'Management', 'Economics', 'Marketing']"
708,S0709,Male,Engineering,Thermodynamics,2017,171497,"['Engineering Math', 'Mechanics', 'Circuits', 'Thermodynamics', 'Engineering Math']"
709,S0710,Female,Engineering,Circuits,2023,186057,"['Thermodynamics', 'Circuits', 'Engineering Math', 'Circuits', 'Mechanics']"
710,S0711,Female,Science,Physics,2020,100830,"['Biology', 'Chemistry', 'Physics', 'Earth Science', 'Physics']"
711,S0712,Female,Science,Earth Science,2022,178645,"['Biology', 'Earth Science', 'Physics', 'Biology', 'Chemistry']"
713,S0714,Male,Engineering,Circuits,2018,195204,"['Mechanics', 'Thermodynamics', 'Thermodynamics', 'Circuits', 'Mechanics']"
716,S0717,Female,Engineering,Circuits,2017,171497,"['Circuits', 'Mechanics', 'Thermodynamics', 'Thermodynamics', 'Engineering Math']"
717,S0718,Male,Science,Earth Science,2020,100830,"['Earth Science', 'Biology', 'Earth Science', 'Physics', 'Chemistry']"
718,S0719,Male,Science,Biology,2021,121479,"['Physics', 'Chemistry', 'Physics', 'Biology', 'Chemistry']"
720,S0721,Male,Engineering,Thermodynamics,2014,129258,"['Engineering Math', 'Mechanics', 'Thermodynamics', 'Circuits', 'Circuits']"
721,S0722,Male,Business,Marketing,2016,180392,"['Economics', 'Accounting', 'Marketing', 'Economics', 'Marketing']"
722,S0723,Male,Science,Earth Science,2024,188031,"['Biology', 'Earth Science', 'Chemistry', 'Physics', 'Physics']"
723,S0724,Male,Business,Marketing,2024,188031,"['Management', 'Accounting', 'Marketing', 'Accounting', 'Management']"
724,S0725,Female,Science,Biology,2019,168237,"['Chemistry', 'Earth Science', 'Physics', 'Biology', 'Biology']"
725,S0726,Female,Engineering,Mechanics,2022,178645,"['Mechanics', 'Circuits', 'Thermodynamics', 'Engineering Math', 'Engineering Math']"
727,S0728,Female,Engineering,Circuits,2023,186057,"['Circuits', 'Thermodynamics', 'Engineering Math', 'Circuits', 'Thermodynamics']"
728,S0729,Male,Science,Biology,2024,188031,"['Chemistry', 'Biology', 'Earth Science', 'Chemistry', 'Earth Science']"
729,S0730,Male,Science,Chemistry,2017,171497,"['Biology', 'Earth Science', 'Physics', 'Chemistry', 'Physics']"
730,S0731,Female,Engineering,Circuits,2022,178645,"['Thermodynamics', 'Mechanics', 'Engineering Math', 'Engineering Math', 'Mechanics']"
732,S0733,Male,Science,Physics,2020,100830,"['Chemistry', 'Physics', 'Biology', 'Biology', 'Chemistry']"
733,S0734,Male,Engineering,Thermodynamics,2019,168237,"['Mechanics', 'Thermodynamics', 'Thermodynamics', 'Mechanics', 'Engineering Math']"
735,S0736,Male,Engineering,Mechanics,2023,186057,"['Thermodynamics', 'Mechanics', 'Circuits', 'Engineering Math', 'Mechanics']"
736,S0737,Female,Business,Marketing,2019,168237,"['Management', 'Management', 'Marketing', 'Accounting', 'Economics']"
739,S0740,Male,Engineering,Circuits,2024,188031,"['Thermodynamics', 'Thermodynamics', 'Circuits', 'Mechanics', 'Mechanics']"
741,S0742,Male,Business,Marketing,2014,129258,"['Accounting', 'Marketing', 'Management', 'Economics', 'Accounting']"
743,S0744,Female,Engineering,Circuits,2022,178645,"['Mechanics', 'Thermodynamics', 'Mechanics', 'Thermodynamics', 'Engineering Math']"
746,S0747,Female,Engineering,Mechanics,2019,168237,"['Circuits', 'Thermodynamics', 'Circuits', 'Mechanics', 'Mechanics']"
748,S0749,Male,Science,Chemistry,2022,178645,"['Biology', 'Physics', 'Earth Science', 'Chemistry', 'Chemistry']"
750,S0751,Female,Science,Earth Science,2016,180392,"['Biology', 'Earth Science', 'Earth Science', 'Chemistry', 'Physics']"
754,S0755,Female,Engineering,Mechanics,2022,178645,"['Circuits', 'Mechanics', 'Engineering Math', 'Circuits', 'Engineering Math']"
755,S0756,Male,Engineering,Circuits,2022,178645,"['Thermodynamics', 'Mechanics', 'Engineering Math', 'Engineering Math', 'Circuits']"
757,S0758,Male,Business,Marketing,2019,168237,"['Management', 'Economics', 'Accounting', 'Accounting', 'Marketing']"
758,S0759,Male,Science,Physics,2019,168237,"['Earth Science', 'Physics', 'Biology', 'Chemistry', 'Earth Science']"
759,S0760,Female,Business,Economics,2024,188031,"['Accounting', 'Management', 'Management', 'Accounting', 'Marketing']"
761,S0762,Female,Business,Accounting,2019,168237,"['Marketing', 'Economics', 'Accounting', 'Economics', 'Management']"
763,S0764,Male,Engineering,Circuits,2020,100830,"['Engineering Math', 'Circuits', 'Mechanics', 'Circuits', 'Mechanics']"
764,S0765,Female,Engineering,Circuits,2020,100830,"['Engineering Math', 'Mechanics', 'Thermodynamics', 'Mechanics', 'Engineering Math']"
765,S0766,Female,Science,Biology,2020,100830,"['Biology', 'Physics', 'Biology', 'Chemistry', 'Chemistry']"
766,S0767,Male,Business,Economics,2024,188031,"['Accounting', 'Accounting', 'Marketing', 'Economics', 'Management']"
767,S0768,Female,Business,Accounting,2014,129258,"['Economics', 'Accounting', 'Marketing', 'Accounting', 'Economics']"
768,S0769,Female,Engineering,Thermodynamics,2018,195204,"['Engineering Math', 'Thermodynamics', 'Mechanics', 'Mechanics', 'Circuits']"
771,S0772,Female,Business,Accounting,2019,168237,"['Management', 'Management', 'Economics', 'Marketing', 'Economics']"
775,S0776,Female,Business,Economics,2018,195204,"['Economics', 'Accounting', 'Economics', 'Marketing', 'Accounting']"
776,S0777,Female,Business,Economics,2018,195204,"['Management', 'Accounting', 'Accounting', 'Marketing', 'Marketing']"
777,S0778,Female,Engineering,Circuits,2018,195204,"['Circuits', 'Thermodynamics', 'Mechanics', 'Engineering Math', 'Mechanics']"
778,S0779,Male,Engineering,Thermodynamics,2020,100830,"['Mechanics', 'Circuits', 'Engineering Math', 'Mechanics', 'Circuits']"
782,S0783,Female,Science,Biology,2023,186057,"['Chemistry', 'Earth Science', 'Earth Science', 'Physics', 'Physics']"
783,S0784,Male,Engineering,Circuits,2015,103134,"['Mechanics', 'Engineering Math', 'Mechanics', 'Thermodynamics', 'Circuits']"
784,S0785,Female,Business,Management,2024,188031,"['Accounting', 'Management', 'Marketing', 'Management', 'Economics']"
786,S0787,Female,Science,Earth Science,2014,129258,"['Biology', 'Biology', 'Chemistry', 'Earth Science', 'Chemistry']"
787,S0788,Female,Engineering,Mechanics,2016,180392,"['Mechanics', 'Thermodynamics', 'Engineering Math', 'Circuits', 'Mechanics']"
788,S0789,Male,Business,Marketing,2020,100830,"['Accounting', 'Management', 'Marketing', 'Accounting', 'Economics']"
789,S0790,Male,Business,Marketing,2016,180392,"['Accounting', 'Economics', 'Marketing', 'Marketing', 'Economics']"
792,S0793,Female,Science,Biology,2014,129258,"['Earth Science', 'Biology', 'Earth Science', 'Physics', 'Chemistry']"
794,S0795,Female,Science,Earth Science,2018,195204,"['Physics', 'Earth Science', 'Chemistry', 'Biology', 'Biology']"
796,S0797,Female,Engineering,Thermodynamics,2017,171497,"['Engineering Math', 'Circuits', 'Engineering Math', 'Mechanics', 'Circuits']"
798,S0799,Female,Business,Marketing,2015,103134,"['Management', 'Economics', 'Marketing', 'Management', 'Accounting']"
799,S0800,Female,Business,Management,2016,180392,"['Marketing', 'Accounting', 'Management', 'Management', 'Economics']"
800,S0801,Male,Engineering,Thermodynamics,2022,178645,"['Engineering Math', 'Thermodynamics', 'Circuits', 'Mechanics', 'Thermodynamics']"
801,S0802,Male,Engineering,Engineering Math,2019,168237,"['Engineering Math', 'Mechanics', 'Thermodynamics', 'Engineering Math', 'Circuits']"
804,S0805,Male,Engineering,Mechanics,2014,129258,"['Engineering Math', 'Thermodynamics', 'Mechanics', 'Circuits', 'Circuits']"
805,S0806,Male,Science,Biology,2023,186057,"['Biology', 'Earth Science', 'Chemistry', 'Earth Science', 'Physics']"
808,S0809,Male,Science,Earth Science,2022,178645,"['Chemistry', 'Earth Science', 'Biology', 'Earth Science', 'Chemistry']"
812,S0813,Female,Business,Marketing,2018,195204,"['Accounting', 'Management', 'Management', 'Accounting', 'Marketing']"
813,S0814,Female,Business,Accounting,2023,186057,"['Management', 'Economics', 'Marketing', 'Accounting', 'Accounting']"
814,S0815,Male,Engineering,Mechanics,2015,103134,"['Thermodynamics', 'Mechanics', 'Engineering Math', 'Circuits', 'Thermodynamics']"
815,S0816,Female,Science,Chemistry,2022,178645,"['Earth Science', 'Physics', 'Biology', 'Chemistry', 'Chemistry']"
816,S0817,Female,Engineering,Engineering Math,2015,103134,"['Engineering Math', 'Circuits', 'Mechanics', 'Thermodynamics', 'Engineering Math']"
817,S0818,Female,Engineering,Mechanics,2020,100830,"['Thermodynamics', 'Mechanics', 'Circuits', 'Circuits', 'Thermodynamics']"
818,S0819,Female,Business,Economics,2017,171497,"['Economics', 'Management', 'Management', 'Marketing', 'Accounting']"
820,S0821,Female,Business,Accounting,2024,188031,"['Accounting', 'Management', 'Economics', 'Economics', 'Marketing']"
821,S0822,Male,Science,Physics,2016,180392,"['Earth Science', 'Earth Science', 'Physics', 'Chemistry', 'Chemistry']"
822,S0823,Male,Business,Accounting,2022,178645,"['Economics', 'Accounting', 'Marketing', 'Accounting', 'Management']"
824,S0825,Male,Engineering,Circuits,2022,178645,"['Engineering Math', 'Circuits', 'Engineering Math', 'Mechanics', 'Thermodynamics']"
825,S0826,Male,Science,Physics,2019,168237,"['Earth Science', 'Earth Science', 'Physics', 'Chemistry', 'Biology']"
826,S0827,Male,Science,Chemistry,2015,103134,"['Earth Science', 'Chemistry', 'Biology', 'Chemistry', 'Biology']"
828,S0829,Female,Engineering,Engineering Math,2024,188031,"['Thermodynamics', 'Mechanics', 'Mechanics', 'Engineering Math', 'Circuits']"
832,S0833,Female,Business,Accounting,2015,103134,"['Economics', 'Management', 'Marketing', 'Accounting', 'Accounting']"
834,S0835,Male,Business,Economics,2020,100830,"['Management', 'Marketing', 'Management', 'Marketing', 'Economics']"
835,S0836,Male,Engineering,Mechanics,2016,180392,"['Engineering Math', 'Circuits', 'Thermodynamics', 'Mechanics', 'Engineering Math']"
836,S0837,Female,Science,Biology,2022,178645,"['Chemistry', 'Biology', 'Physics', 'Earth Science', 'Biology']"
839,S0840,Male,Business,Accounting,2015,103134,"['Economics', 'Marketing', 'Accounting', 'Management', 'Economics']"
841,S0842,Male,Science,Physics,2014,129258,"['Physics', 'Earth Science', 'Biology', 'Chemistry', 'Chemistry']"
844,S0845,Female,Science,Chemistry,2020,100830,"['Chemistry', 'Physics', 'Biology', 'Chemistry', 'Physics']"
845,S0846,Male,Science,Physics,2021,121479,"['Physics', 'Earth Science', 'Earth Science', 'Biology', 'Chemistry']"
847,S0848,Female,Science,Earth Science,2022,178645,"['Chemistry', 'Biology', 'Earth Science', 'Biology', 'Physics']"
848,S0849,Male,Engineering,Circuits,2020,100830,"['Thermodynamics', 'Mechanics', 'Thermodynamics', 'Engineering Math', 'Mechanics']"
849,S0850,Female,Engineering,Mechanics,2014,129258,"['Thermodynamics', 'Circuits', 'Thermodynamics', 'Engineering Math', 'Circuits']"
850,S0851,Male,Engineering,Circuits,2024,188031,"['Mechanics', 'Circuits', 'Thermodynamics', 'Thermodynamics', 'Circuits']"
851,S0852,Male,Engineering,Mechanics,2016,180392,"['Engineering Math', 'Mechanics', 'Mechanics', 'Circuits', 'Thermodynamics']"
852,S0853,Female,Engineering,Thermodynamics,2021,121479,"['Thermodynamics', 'Mechanics', 'Engineering Math', 'Engineering Math', 'Mechanics']"
856,S0857,Female,Business,Economics,2017,171497,"['Management', 'Economics', 'Economics', 'Marketing', 'Accounting']"
857,S0858,Female,Business,Management,2024,188031,"['Management', 'Economics', 'Marketing', 'Accounting', 'Marketing']"
858,S0859,Female,Science,Earth Science,2016,180392,"['Earth Science', 'Physics', 'Physics', 'Earth Science', 'Chemistry']"
863,S0864,Female,Science,Biology,2015,103134,"['Chemistry', 'Physics', 'Biology', 'Earth Science', 'Earth Science']"
864,S0865,Male,Business,Management,2021,121479,"['Economics', 'Marketing', 'Accounting', 'Accounting', 'Marketing']"
865,S0866,Female,Science,Biology,2020,100830,"['Earth Science', 'Chemistry', 'Physics', 'Biology', 'Earth Science']"
866,S0867,Female,Engineering,Engineering Math,2014,129258,"['Circuits', 'Circuits', 'Engineering Math', 'Mechanics', 'Thermodynamics']"
868,S0869,Female,Engineering,Engineering Math,2021,121479,"['Mechanics', 'Circuits', 'Mechanics', 'Thermodynamics', 'Thermodynamics']"
869,S0870,Male,Business,Management,2021,121479,"['Management', 'Accounting', 'Marketing', 'Accounting', 'Marketing']"
871,S0872,Male,Engineering,Engineering Math,2018,195204,"['Circuits', 'Mechanics', 'Engineering Math', 'Engineering Math', 'Mechanics']"
872,S0873,Male,Business,Economics,2016,180392,"['Management', 'Economics', 'Marketing', 'Economics', 'Accounting']"
874,S0875,Female,Engineering,Mechanics,2017,171497,"['Circuits', 'Mechanics', 'Engineering Math', 'Thermodynamics', 'Mechanics']"
875,S0876,Male,Science,Chemistry,2018,195204,"['Chemistry', 'Earth Science', 'Biology', 'Physics', 'Biology']"
877,S0878,Female,Engineering,Engineering Math,2023,186057,"['Thermodynamics', 'Engineering Math', 'Thermodynamics', 'Circuits', 'Mechanics']"
880,S0881,Male,Science,Earth Science,2016,180392,"['Physics', 'Physics', 'Biology', 'Earth Science', 'Biology']"
881,S0882,Female,Science,Earth Science,2021,121479,"['Physics', 'Biology', 'Physics', 'Earth Science', 'Earth Science']"
883,S0884,Male,Engineering,Thermodynamics,2016,180392,"['Mechanics', 'Engineering Math', 'Engineering Math', 'Mechanics', 'Thermodynamics']"
884,S0885,Female,Business,Accounting,2023,186057,"['Economics', 'Management', 'Marketing', 'Economics', 'Management']"
885,S0886,Female,Engineering,Engineering Math,2024,188031,"['Mechanics', 'Mechanics', 'Engineering Math', 'Thermodynamics', 'Circuits']"
888,S0889,Male,Science,Physics,2014,129258,"['Earth Science', 'Chemistry', 'Biology', 'Earth Science', 'Chemistry']"
889,S0890,Female,Engineering,Circuits,2024,188031,"['Engineering Math', 'Mechanics', 'Thermodynamics', 'Engineering Math', 'Thermodynamics']"
891,S0892,Male,Engineering,Engineering Math,2016,180392,"['Engineering Math', 'Mechanics', 'Thermodynamics', 'Circuits', 'Mechanics']"
892,S0893,Male,Business,Accounting,2024,188031,"['Accounting', 'Management', 'Economics', 'Management', 'Accounting']"
893,S0894,Female,Science,Biology,2020,100830,"['Chemistry', 'Biology', 'Earth Science', 'Chemistry', 'Physics']"
895,S0896,Male,Science,Biology,2015,103134,"['Chemistry', 'Earth Science', 'Biology', 'Biology', 'Physics']"
896,S0897,Female,Engineering,Circuits,2023,186057,"['Mechanics', 'Circuits', 'Thermodynamics', 'Mechanics', 'Engineering Math']"
899,S0900,Female,Business,Economics,2015,103134,"['Economics', 'Marketing', 'Management', 'Accounting', 'Accounting']"
900,S0901,Female,Business,Management,2021,121479,"['Economics', 'Marketing', 'Management', 'Management', 'Marketing']"
901,S0902,Male,Business,Marketing,2017,171497,"['Accounting', 'Marketing', 'Economics', 'Management', 'Accounting']"
903,S0904,Female,Business,Accounting,2017,171497,"['Economics', 'Management', 'Management', 'Economics', 'Marketing']"
906,S0907,Male,Science,Biology,2019,168237,"['Physics', 'Biology', 'Chemistry', 'Earth Science', 'Physics']"
910,S0911,Female,Business,Marketing,2024,188031,"['Economics', 'Management', 'Marketing', 'Accounting', 'Management']"
911,S0912,Male,Engineering,Mechanics,2021,121479,"['Mechanics', 'Thermodynamics', 'Thermodynamics', 'Engineering Math', 'Circuits']"
914,S0915,Female,Engineering,Mechanics,2020,100830,"['Mechanics', 'Circuits', 'Engineering Math', 'Thermodynamics', 'Engineering Math']"
918,S0919,Female,Engineering,Thermodynamics,2015,103134,"['Circuits', 'Engineering Math', 'Mechanics', 'Thermodynamics', 'Mechanics']"
919,S0920,Male,Business,Economics,2023,186057,"['Accounting', 'Marketing', 'Economics', 'Management', 'Marketing']"
920,S0921,Male,Business,Management,2022,178645,"['Management', 'Economics', 'Economics', 'Marketing', 'Accounting']"
922,S0923,Female,Business,Management,2024,188031,"['Management', 'Economics', 'Marketing', 'Marketing', 'Accounting']"
924,S0925,Female,Science,Chemistry,2015,103134,"['Earth Science', 'Chemistry', 'Physics', 'Earth Science', 'Biology']"
925,S0926,Female,Science,Biology,2016,180392,"['Biology', 'Biology', 'Chemistry', 'Earth Science', 'Physics']"
926,S0927,Male,Business,Marketing,2018,195204,"['Economics', 'Accounting', 'Management', 'Marketing', 'Management']"
928,S0929,Male,Engineering,Thermodynamics,2024,188031,"['Circuits', 'Thermodynamics', 'Circuits', 'Mechanics', 'Mechanics']"
930,S0931,Female,Science,Earth Science,2020,100830,"['Chemistry', 'Biology', 'Biology', 'Chemistry', 'Earth Science']"
931,S0932,Female,Science,Earth Science,2022,178645,"['Biology', 'Biology', 'Physics', 'Chemistry', 'Earth Science']"
932,S0933,Female,Business,Management,2020,100830,"['Management', 'Economics', 'Accounting', 'Economics', 'Management']"
933,S0934,Male,Business,Management,2023,186057,"['Marketing', 'Economics', 'Management', 'Marketing', 'Accounting']"
934,S0935,Male,Science,Physics,2022,178645,"['Earth Science', 'Physics', 'Biology', 'Earth Science', 'Chemistry']"
936,S0937,Female,Science,Physics,2018,195204,"['Earth Science', 'Physics', 'Physics', 'Earth Science', 'Chemistry']"
940,S0941,Female,Business,Accounting,2021,121479,"['Marketing', 'Accounting', 'Economics', 'Management', 'Economics']"
942,S0943,Male,Business,Marketing,2019,168237,"['Economics', 'Accounting', 'Marketing', 'Management', 'Management']"
943,S0944,Male,Science,Earth Science,2016,180392,"['Physics', 'Physics', 'Biology', 'Chemistry', 'Earth Science']"
947,S0948,Male,Engineering,Engineering Math,2015,103134,"['Engineering Math', 'Mechanics', 'Engineering Math', 'Thermodynamics', 'Circuits']"
948,S0949,Male,Science,Physics,2021,121479,"['Biology', 'Physics', 'Chemistry', 'Chemistry', 'Earth Science']"
950,S0951,Male,Science,Physics,2022,178645,"['Chemistry', 'Physics', 'Earth Science', 'Biology', 'Chemistry']"
951,S0952,Female,Business,Marketing,2022,178645,"['Accounting', 'Economics', 'Management', 'Marketing', 'Management']"
952,S0953,Male,Business,Marketing,2020,100830,"['Economics', 'Marketing', 'Management', 'Management', 'Economics']"
953,S0954,Male,Science,Earth Science,2022,178645,"['Chemistry', 'Biology', 'Earth Science', 'Biology', 'Earth Science']"
955,S0956,Female,Science,Earth Science,2015,103134,"['Biology', 'Physics', 'Physics', 'Chemistry', 'Earth Science']"
959,S0960,Male,Business,Accounting,2019,168237,"['Marketing', 'Economics', 'Marketing', 'Accounting', 'Accounting']"
960,S0961,Male,Engineering,Engineering Math,2015,103134,"['Thermodynamics', 'Mechanics', 'Engineering Math', 'Circuits', 'Engineering Math']"
961,S0962,Female,Business,Management,2022,178645,"['Management', 'Economics', 'Management', 'Marketing', 'Marketing']"
962,S0963,Female,Engineering,Engineering Math,2016,180392,"['Circuits', 'Thermodynamics', 'Circuits', 'Engineering Math', 'Mechanics']"
963,S0964,Male,Engineering,Mechanics,2024,188031,"['Engineering Math', 'Mechanics', 'Engineering Math', 'Thermodynamics', 'Thermodynamics']"
967,S0968,Male,Business,Accounting,2022,178645,"['Economics', 'Management', 'Accounting', 'Marketing', 'Accounting']"
968,S0969,Female,Business,Accounting,2023,186057,"['Accounting', 'Marketing', 'Management', 'Management', 'Economics']"
969,S0970,Male,Science,Chemistry,2022,178645,"['Physics', 'Biology', 'Physics', 'Chemistry', 'Biology']"
974,S0975,Female,Business,Accounting,2016,180392,"['Marketing', 'Marketing', 'Management', 'Accounting', 'Management']"
975,S0976,Female,Business,Accounting,2024,188031,"['Accounting', 'Economics', 'Marketing', 'Management', 'Marketing']"
976,S0977,Male,Business,Marketing,2024,188031,"['Marketing', 'Management', 'Economics', 'Management', 'Accounting']"
977,S0978,Male,Science,Chemistry,2024,188031,"['Chemistry', 'Earth Science', 'Physics', 'Chemistry', 'Earth Science']"
978,S0979,Male,Science,Chemistry,2017,171497,"['Physics', 'Biology', 'Chemistry', 'Biology', 'Earth Science']"
979,S0980,Female,Business,Accounting,2015,103134,"['Management', 'Economics', 'Economics', 'Management', 'Accounting']"
980,S0981,Female,Science,Earth Science,2024,188031,"['Physics', 'Chemistry', 'Biology', 'Earth Science', 'Chemistry']"
981,S0982,Female,Business,Marketing,2018,195204,"['Accounting', 'Economics', 'Economics', 'Management', 'Marketing']"
985,S0986,Female,Science,Chemistry,2016,180392,"['Physics', 'Earth Science', 'Physics', 'Biology', 'Earth Science']"
986,S0987,Female,Business,Accounting,2019,168237,"['Economics', 'Economics', 'Accounting', 'Management', 'Marketing']"
987,S0988,Male,Science,Biology,2017,171497,"['Physics', 'Chemistry', 'Earth Science', 'Physics', 'Chemistry']"
988,S0989,Female,Science,Earth Science,2014,129258,"['Physics', 'Earth Science', 'Chemistry', 'Physics', 'Biology']"
989,S0990,Male,Science,Chemistry,2021,121479,"['Chemistry', 'Biology', 'Physics', 'Earth Science', 'Physics']"
991,S0992,Female,Business,Accounting,2016,180392,"['Economics', 'Marketing', 'Management', 'Economics', 'Accounting']"
992,S0993,Female,Science,Chemistry,2024,188031,"['Physics', 'Chemistry', 'Earth Science', 'Physics', 'Biology']"
996,S0997,Male,Business,Management,2015,103134,"['Economics', 'Economics', 'Accounting', 'Accounting', 'Management']"
997,S0998,Female,Business,Economics,2018,195204,"['Economics', 'Accounting', 'Marketing', 'Marketing', 'Economics']"
998,S0999,Male,Engineering,Engineering Math,2021,121479,"['Engineering Math', 'Thermodynamics', 'Mechanics', 'Circuits', 'Engineering Math']"
999,S1000,Male,Engineering,Engineering Math,2022,178645,"['Engineering Math', 'Thermodynamics', 'Mechanics', 'Circuits', 'Mechanics']"
604,S0604,Male,Computer Science,Data Structures,2018,150000,"['Data Structures', 'Algorithms', 'AI Basics', 'Software Engineering', 'AI Basics']"
605,S0605,Female,Computer Science,Algorithms,2019,155000,"['Algorithms', 'AI Basics', 'Software Engineering', 'Data Structures', 'AI Basics']"
606,S0606,Male,Computer Science,AI Basics,2020,160000,"['Data Structures', 'AI Basics', 'Algorithms', 'Software Engineering', 'AI Basics']"
607,S0607,Female,Computer Science,Software Engineering,2021,165000,"['Software Engineering', 'Data Structures', 'Algorithms', 'AI Basics', 'AI Basics']"
608,S0608,Male,Computer Science,AI Basics,2022,170000,"['AI Basics', 'Software Engineering', 'Data Structures', 'Algorithms', 'AI Basics']"
609,S0609,Female,Computer Science,Algorithms,2015,149187,"['Data Structures', 'Algorithms', 'AI Basics', 'Software Engineering', 'AI Basics']"
610,S0610,Female,Computer Science,AI Basics,2022,167965,"['Data Structures', 'Algorithms', 'AI Basics', 'Software Engineering', 'AI Basics']"
611,S0611,Female,Computer Science,AI Basics,2014,165892,"['Data Structures', 'Algorithms', 'AI Basics', 'Software Engineering', 'AI Basics']"
612,S0612,Male,Computer Science,AI Basics,2021,150508,"['Data Structures', 'Algorithms', 'AI Basics', 'Software Engineering', 'AI Basics']"
613,S0613,Female,Computer Science,Data Structures,2014,173880,"['Data Structures', 'Algorithms', 'AI Basics', 'Software Engineering', 'AI Basics']"
614,S0614,Female,Computer Science,AI Basics,2014,146991,"['Data Structures', 'Algorithms', 'AI Basics', 'Software Engineering', 'AI Basics']"
615,S0615,Female,Computer Science,AI Basics,2024,143556,"['Data Structures', 'Algorithms', 'AI Basics', 'Software Engineering', 'AI Basics']"
616,S0616,Male,Computer Science,Data Structures,2017,158044,"['Data Structures', 'Algorithms', 'AI Basics', 'Software Engineering', 'AI Basics']"
617,S0617,Female,Computer Science,AI Basics,2021,167745,"['Data Structures', 'Algorithms', 'AI Basics', 'Software Engineering', 'AI Basics']"
618,S0618,Female,Computer Science,Data Structures,2018,154912,"['Data Structures', 'Algorithms', 'AI Basics', 'Software Engineering', 'AI Basics']"
619,S0619,Male,Computer Science,Algorithms,2016,144053,"['Data Structures', 'Algorithms', 'AI Basics', 'Software Engineering', 'AI Basics']"
620,S0620,Male,Computer Science,Software Engineering,2021,179542,"['Data Structures', 'Algorithms', 'AI Basics', 'Software Engineering', 'AI Basics']"
621,S0621,Female,Computer Science,AI Basics,2021,178124,"['Data Structures', 'Algorithms', 'AI Basics', 'Software Engineering', 'AI Basics']"
622,S0622,Male,Computer Science,Data Structures,2021,153809,"['Data Structures', 'Algorithms', 'AI Basics', 'Software Engineering', 'AI Basics']"
623,S0623,Male,Computer Science,Software Engineering,2019,141415,"['Data Structures', 'Algorithms', 'AI Basics', 'Software Engineering', 'AI Basics']"
624,S0624,Male,Computer Science,Data Structures,2019,177844,"['Data Structures', 'Algorithms', 'AI Basics', 'Software Engineering', 'AI Basics']"
625,S0625,Female,Computer Science,Algorithms,2024,142460,"['Data Structures', 'Algorithms', 'AI Basics', 'Software Engineering', 'AI Basics']"
626,S0626,Male,Computer Science,AI Basics,2019,148780,"['Data Structures', 'Algorithms', 'AI Basics', 'Software Engineering', 'AI Basics']"
627,S0627,Male,Computer Science,Software Engineering,2020,179996,"['Data Structures', 'Algorithms', 'AI Basics', 'Software Engineering', 'AI Basics']"
628,S0628,Female,Computer Science,Algorithms,2015,150902,"['Data Structures', 'Algorithms', 'AI Basics', 'Software Engineering', 'AI Basics']"
629,S0629,Female,Computer Science,Software Engineering,2019,170789,"['Data Structures', 'Algorithms', 'AI Basics', 'Software Engineering', 'AI Basics']"
630,S0630,Female,Computer Science,Data Structures,2022,144484,"['Data Structures', 'Algorithms', 'AI Basics', 'Software Engineering', 'AI Basics']"
631,S0631,Male,Computer Science,Data Structures,2023,162297,"['Data Structures', 'Algorithms', 'AI Basics', 'Software Engineering', 'AI Basics']"
632,S0632,Male,Computer Science,AI Basics,2022,153758,"['Data Structures', 'Algorithms', 'AI Basics', 'Software Engineering', 'AI Basics']"
633,S0633,Male,Computer Science,Software Engineering,2017,148336,"['Data Structures', 'Algorithms', 'AI Basics', 'Software Engineering', 'AI Basics']"
634,S0634,Female,Computer Science,Data Structures,2023,147531,"['Data Structures', 'Algorithms', 'AI Basics', 'Software Engineering', 'AI Basics']"
635,S0635,Male,Computer Science,Software Engineering,2016,149661,"['Data Structures', 'Algorithms', 'AI Basics', 'Software Engineering', 'AI Basics']"
636,S0636,Female,Computer Science,Software Engineering,2019,160896,"['Data Structures', 'Algorithms', 'AI Basics', 'Software Engineering', 'AI Basics']"
637,S0637,Female,Computer Science,AI Basics,2017,158358,"['Data Structures', 'Algorithms', 'AI Basics', 'Software Engineering', 'AI Basics']"
638,S0638,Female,Computer Science,Algorithms,2015,157564,"['Data Structures', 'Algorithms', 'AI Basics', 'Software Engineering', 'AI Basics']"
639,S0639,Male,Computer Science,Data Structures,2016,175621,"['Data Structures', 'Algorithms', 'AI Basics', 'Software Engineering', 'AI Basics']"
640,S0640,Male,Computer Science,AI Basics,2021,157573,"['Data Structures', 'Algorithms', 'AI Basics', 'Software Engineering', 'AI Basics']"
641,S0641,Male,Computer Science,Algorithms,2023,176474,"['Data Structures', 'Algorithms', 'AI Basics', 'Software Engineering', 'AI Basics']"
642,S0642,Female,Computer Science,Algorithms,2017,173339,"['Data Structures', 'Algorithms', 'AI Basics', 'Software Engineering', 'AI Basics']"
643,S0643,Female,Computer Science,Data Structures,2017,148033,"['Data Structures', 'Algorithms', 'AI Basics', 'Software Engineering', 'AI Basics']"
644,S0644,Female,Computer Science,Software Engineering,2014,151565,"['Data Structures', 'Algorithms', 'AI Basics', 'Software Engineering', 'AI Basics']"
645,S0645,Male,Computer Science,Data Structures,2018,179940,"['Data Structures', 'Algorithms', 'AI Basics', 'Software Engineering', 'AI Basics']"
646,S0646,Female,Computer Science,Data Structures,2014,178181,"['Data Structures', 'Algorithms', 'AI Basics', 'Software Engineering', 'AI Basics']"
647,S0647,Female,Computer Science,Software Engineering,2023,166297,"['Data Structures', 'Algorithms', 'AI Basics', 'Software Engineering', 'AI Basics']"
648,S0648,Male,Computer Science,Algorithms,2016,168864,"['Data Structures', 'Algorithms', 'AI Basics', 'Software Engineering', 'AI Basics']"
649,S0649,Female,Computer Science,Algorithms,2017,142818,"['Data Structures', 'Algorithms', 'AI Basics', 'Software Engineering', 'AI Basics']"
650,S0650,Male,Computer Science,Software Engineering,2019,168080,"['Data Structures', 'Algorithms', 'AI Basics', 'Software Engineering', 'AI Basics']"
651,S0651,Female,Computer Science,Algorithms,2023,170761,"['Data Structures', 'Algorithms', 'AI Basics', 'Software Engineering', 'AI Basics']"
652,S0652,Female,Computer Science,Data Structures,2015,156773,"['Data Structures', 'Algorithms', 'AI Basics', 'Software Engineering', 'AI Basics']"
653,S0653,Female,Computer Science,Algorithms,2015,155349,"['Data Structures', 'Algorithms', 'AI Basics', 'Software Engineering', 'AI Basics']"
654,S0654,Female,Computer Science,Algorithms,2016,149999,"['Data Structures', 'Algorithms', 'AI Basics', 'Software Engineering', 'AI Basics']"
655,S0655,Male,Computer Science,Algorithms,2023,160270,"['Data Structures', 'Algorithms', 'AI Basics', 'Software Engineering', 'AI Basics']"
656,S0656,Male,Computer Science,Data Structures,2021,175906,"['Data Structures', 'Algorithms', 'AI Basics', 'Software Engineering', 'AI Basics']"
657,S0657,Male,Computer Science,AI Basics,2017,164534,"['Data Structures', 'Algorithms', 'AI Basics', 'Software Engineering', 'AI Basics']"
658,S0658,Male,Computer Science,AI Basics,2023,147680,"['Data Structures', 'Algorithms', 'AI Basics', 'Software Engineering', 'AI Basics']"
659,S0659,Female,Computer Science,Algorithms,2020,140460,"['Data Structures', 'Algorithms', 'AI Basics', 'Software Engineering', 'AI Basics']"
660,S0660,Female,Computer Science,Data Structures,2015,151975,"['Data Structures', 'Algorithms', 'AI Basics', 'Software Engineering', 'AI Basics']"
661,S0661,Male,Computer Science,Data Structures,2024,151155,"['Data Structures', 'Algorithms', 'AI Basics', 'Software Engineering', 'AI Basics']"
662,S0662,Male,Computer Science,Software Engineering,2020,160122,"['Data Structures', 'Algorithms', 'AI Basics', 'Software Engineering', 'AI Basics']"
663,S0663,Male,Computer Science,Software Engineering,2016,163087,"['Data Structures', 'Algorithms', 'AI Basics', 'Software Engineering', 'AI Basics']"
664,S0664,Female,Computer Science,Data Structures,2021,146674,"['Data Structures', 'Algorithms', 'AI Basics', 'Software Engineering', 'AI Basics']"
665,S0665,Male,Computer Science,Software Engineering,2020,149362,"['Data Structures', 'Algorithms', 'AI Basics', 'Software Engineering', 'AI Basics']"
666,S0666,Male,Computer Science,Data Structures,2024,160232,"['Data Structures', 'Algorithms', 'AI Basics', 'Software Engineering', 'AI Basics']"
667,S0667,Female,Computer Science,AI Basics,2016,161894,"['Data Structures', 'Algorithms', 'AI Basics', 'Software Engineering', 'AI Basics']"
668,S0668,Male,Computer Science,AI Basics,2024,142790,"['Data Structures', 'Algorithms', 'AI Basics', 'Software Engineering', 'AI Basics']"
669,S0669,Female,Computer Science,Algorithms,2024,158662,"['Data Structures', 'Algorithms', 'AI Basics', 'Software Engineering', 'AI Basics']"
670,S0670,Male,Computer Science,AI Basics,2018,153376,"['Data Structures', 'Algorithms', 'AI Basics', 'Software Engineering', 'AI Basics']"
671,S0671,Male,Computer Science,Data Structures,2016,165370,"['Data Structures', 'Algorithms', 'AI Basics', 'Software Engineering', 'AI Basics']"
672,S0672,Male,Computer Science,Software Engineering,2016,149395,"['Data Structures', 'Algorithms', 'AI Basics', 'Software Engineering', 'AI Basics']"
673,S0673,Female,Computer Science,Algorithms,2022,155809,"['Data Structures', 'Algorithms', 'AI Basics', 'Software Engineering', 'AI Basics']"
674,S0674,Male,Computer Science,Software Engineering,2018,144886,"['Data Structures', 'Algorithms', 'AI Basics', 'Software Engineering', 'AI Basics']"
675,S0675,Male,Computer Science,AI Basics,2024,151125,"['Data Structures', 'Algorithms', 'AI Basics', 'Software Engineering', 'AI Basics']"
676,S0676,Female,Computer Science,AI Basics,2014,167238,"['Data Structures', 'Algorithms', 'AI Basics', 'Software Engineering', 'AI Basics']"
677,S0677,Female,Computer Science,Software Engineering,2020,145409,"['Data Structures', 'Algorithms', 'AI Basics', 'Software Engineering', 'AI Basics']"
678,S0678,Male,Computer Science,AI Basics,2021,173302,"['Data Structures', 'Algorithms', 'AI Basics', 'Software Engineering', 'AI Basics']"
679,S0679,Male,Computer Science,Software Engineering,2023,167364,"['Data Structures', 'Algorithms', 'AI Basics', 'Software Engineering', 'AI Basics']"
680,S0680,Female,Computer Science,Algorithms,2022,145010,"['Data Structures', 'Algorithms', 'AI Basics', 'Software Engineering', 'AI Basics']"
681,S0681,Male,Computer Science,Software Engineering,2024,140894,"['Data Structures', 'Algorithms', 'AI Basics', 'Software Engineering', 'AI Basics']"
682,S0682,Female,Computer Science,Algorithms,2018,160762,"['Data Structures', 'Algorithms', 'AI Basics', 'Software Engineering', 'AI Basics']"
683,S0683,Male,Computer Science,Data Structures,2022,175055,"['Data Structures', 'Algorithms', 'AI Basics', 'Software Engineering', 'AI Basics']"
684,S0684,Female,Computer Science,Algorithms,2017,173249,"['Data Structures', 'Algorithms', 'AI Basics', 'Software Engineering', 'AI Basics']"
685,S0685,Female,Computer Science,AI Basics,2024,144240,"['Data Structures', 'Algorithms', 'AI Basics', 'Software Engineering', 'AI Basics']"
686,S0686,Female,Computer Science,Software Engineering,2023,149804,"['Data Structures', 'Algorithms', 'AI Basics', 'Software Engineering', 'AI Basics']"
687,S0687,Female,Computer Science,Algorithms,2022,179309,"['Data Structures', 'Algorithms', 'AI Basics', 'Software Engineering', 'AI Basics']"
688,S0688,Male,Computer Science,Algorithms,2016,153055,"['Data Structures', 'Algorithms', 'AI Basics', 'Software Engineering', 'AI Basics']"
689,S0689,Male,Computer Science,Software Engineering,2016,174307,"['Data Structures', 'Algorithms', 'AI Basics', 'Software Engineering', 'AI Basics']"
690,S0690,Male,Computer Science,Software Engineering,2019,175482,"['Data Structures', 'Algorithms', 'AI Basics', 'Software Engineering', 'AI Basics']"
691,S0691,Female,Computer Science,Algorithms,2023,149378,"['Data Structures', 'Algorithms', 'AI Basics', 'Software Engineering', 'AI Basics']"
692,S0692,Male,Computer Science,Software Engineering,2021,145510,"['Data Structures', 'Algorithms', 'AI Basics', 'Software Engineering', 'AI Basics']"
693,S0693,Male,Computer Science,Software Engineering,2014,156830,"['Data Structures', 'Algorithms', 'AI Basics', 'Software Engineering', 'AI Basics']"
694,S0694,Male,Computer Science,Data Structures,2019,140531,"['Data Structures', 'Algorithms', 'AI Basics', 'Software Engineering', 'AI Basics']"
695,S0695,Male,Computer Science,Data Structures,2019,144047,"['Data Structures', 'Algorithms', 'AI Basics', 'Software Engineering', 'AI Basics']"
696,S0696,Male,Computer Science,Data Structures,2017,169935,"['Data Structures', 'Algorithms', 'AI Basics', 'Software Engineering', 'AI Basics']"
697,S0697,Male,Computer Science,Data Structures,2014,164085,"['Data Structures', 'Algorithms', 'AI Basics', 'Software Engineering', 'AI Basics']"
698,S0698,Female,Computer Science,AI Basics,2016,177345,"['Data Structures', 'Algorithms', 'AI Basics', 'Software Engineering', 'AI Basics']"
699,S0699,Female,Computer Science,Software Engineering,2016,155094,"['Data Structures', 'Algorithms', 'AI Basics', 'Software Engineering', 'AI Basics']"
700,S0700,Male,Computer Science,Data Structures,2015,175115,"['Data Structures', 'Algorithms', 'AI Basics', 'Software Engineering', 'AI Basics']"
701,S0701,Female,Computer Science,AI Basics,2021,157041,"['Data Structures', 'Algorithms', 'AI Basics', 'Software Engineering', 'AI Basics']"
702,S0702,Male,Computer Science,Data Structures,2019,154344,"['Data Structures', 'Algorithms', 'AI Basics', 'Software Engineering', 'AI Basics']"
703,S0703,Female,Computer Science,Data Structures,2019,168590,"['Data Structures', 'Algorithms', 'AI Basics', 'Software Engineering', 'AI Basics']"
704,S0704,Female,Computer Science,AI Basics,2019,174469,"['Data Structures', 'Algorithms', 'AI Basics', 'Software Engineering', 'AI Basics']"
705,S0705,Female,Computer Science,Data Structures,2024,158000,"['Data Structures', 'Algorithms', 'AI Basics', 'Software Engineering', 'AI Basics']"
706,S0706,Female,Computer Science,Data Structures,2014,163194,"['Data Structures', 'Algorithms', 'AI Basics', 'Software Engineering', 'AI Basics']"
707,S0707,Male,Computer Science,Algorithms,2024,169272,"['Data Structures', 'Algorithms', 'AI Basics', 'Software Engineering', 'AI Basics']"
708,S0708,Male,Computer Science,Data Structures,2018,167027,"['Data Structures', 'Algorithms', 'AI Basics', 'Software Engineering', 'AI Basics']"
709,S0709,Female,Computer Science,Software Engineering,2016,175918,"['Data Structures', 'Algorithms', 'AI Basics', 'Software Engineering', 'AI Basics']"
710,S0710,Female,Computer Science,Algorithms,2014,154151,"['Data Structures', 'Algorithms', 'AI Basics', 'Software Engineering', 'AI Basics']"
711,S0711,Female,Computer Science,AI Basics,2016,162025,"['Data Structures', 'Algorithms', 'AI Basics', 'Software Engineering', 'AI Basics']"
712,S0712,Female,Computer Science,Software Engineering,2018,166722,"['Data Structures', 'Algorithms', 'AI Basics', 'Software Engineering', 'AI Basics']"
713,S0713,Male,Computer Science,AI Basics,2024,156324,"['Data Structures', 'Algorithms', 'AI Basics', 'Software Engineering', 'AI Basics']"
714,S0714,Female,Computer Science,Algorithms,2018,166127,"['Data Structures', 'Algorithms', 'AI Basics', 'Software Engineering', 'AI Basics']"
715,S0715,Male,Computer Science,Data Structures,2014,153498,"['Data Structures', 'Algorithms', 'AI Basics', 'Software Engineering', 'AI Basics']"
716,S0716,Male,Computer Science,Algorithms,2024,170009,"['Data Structures', 'Algorithms', 'AI Basics', 'Software Engineering', 'AI Basics']"
717,S0717,Male,Computer Science,Software Engineering,2018,177920,"['Data Structures', 'Algorithms', 'AI Basics', 'Software Engineering', 'AI Basics']"
718,S0718,Female,Computer Science,Software Engineering,2022,153265,"['Data Structures', 'Algorithms', 'AI Basics', 'Software Engineering', 'AI Basics']"
719,S0719,Female,Computer Science,Algorithms,2015,166949,"['Data Structures', 'Algorithms', 'AI Basics', 'Software Engineering', 'AI Basics']"
720,S0720,Female,Computer Science,Algorithms,2015,160358,"['Data Structures', 'Algorithms', 'AI Basics', 'Software Engineering', 'AI Basics']"
721,S0721,Male,Computer Science,Data Structures,2018,152229,"['Data Structures', 'Algorithms', 'AI Basics', 'Software Engineering', 'AI Basics']"
722,S0722,Female,Computer Science,AI Basics,2017,145223,"['Data Structures', 'Algorithms', 'AI Basics', 'Software Engineering', 'AI Basics']"
723,S0723,Female,Computer Science,AI Basics,2024,160271,"['Data Structures', 'Algorithms', 'AI Basics', 'Software Engineering', 'AI Basics']"
724,S0724,Male,Computer Science,AI Basics,2015,168173,"['Data Structures', 'Algorithms', 'AI Basics', 'Software Engineering', 'AI Basics']"
725,S0725,Female,Computer Science,Data Structures,2024,145345,"['Data Structures', 'Algorithms', 'AI Basics', 'Software Engineering', 'AI Basics']"
726,S0726,Female,Computer Science,AI Basics,2019,144457,"['Data Structures', 'Algorithms', 'AI Basics', 'Software Engineering', 'AI Basics']"
727,S0727,Female,Computer Science,Software Engineering,2018,143105,"['Data Structures', 'Algorithms', 'AI Basics', 'Software Engineering', 'AI Basics']"
728,S0728,Male,Computer Science,AI Basics,2024,154583,"['Data Structures', 'Algorithms', 'AI Basics', 'Software Engineering', 'AI Basics']"
729,S0729,Female,Computer Science,Data Structures,2020,166156,"['Data Structures', 'Algorithms', 'AI Basics', 'Software Engineering', 'AI Basics']"
730,S0730,Male,Computer Science,Data Structures,2016,169931,"['Data Structures', 'Algorithms', 'AI Basics', 'Software Engineering', 'AI Basics']"
731,S0731,Female,Computer Science,AI Basics,2014,163324,"['Data Structures', 'Algorithms', 'AI Basics', 'Software Engineering', 'AI Basics']"
732,S0732,Female,Computer Science,AI Basics,2018,167140,"['Data Structures', 'Algorithms', 'AI Basics', 'Software Engineering', 'AI Basics']"
733,S0733,Male,Computer Science,Algorithms,2024,164450,"['Data Structures', 'Algorithms', 'AI Basics', 'Software Engineering', 'AI Basics']"
734,S0734,Female,Computer Science,Software Engineering,2022,163234,"['Data Structures', 'Algorithms', 'AI Basics', 'Software Engineering', 'AI Basics']"
735,S0735,Female,Computer Science,AI Basics,2021,179516,"['Data Structures', 'Algorithms', 'AI Basics', 'Software Engineering', 'AI Basics']"
736,S0736,Male,Computer Science,Software Engineering,2019,154521,"['Data Structures', 'Algorithms', 'AI Basics', 'Software Engineering', 'AI Basics']"
